/* SurfaceForce 10.0.156 body[4:], source SHA256 in force_image.h. */
#include "sdkconfig.h"
#if CONFIG_SURFACE_FORCE_UPDATE_MODE
#include "force_image.h"
const uint8_t force_image[FORCE_IMAGE_SIZE] = {
    0x30,0x79,0x1D,0xDF,0x88,0x16,0x00,0x00,0xCF,0x86,0xE2,0x20,0x77,0xE9,0xFF,0xFF,
    0x00,0x41,0x10,0x00,0xC1,0x00,0x00,0x00,0xE1,0x1C,0x00,0x00,0x39,0x15,0x00,0x00,
    0x49,0x19,0x00,0x00,0x83,0x09,0x00,0x00,0xA5,0x20,0x00,0x00,0x00,0x00,0x00,0x00,
    0x00,0x00,0x00,0x00,0x00,0x00,0x00,0x00,0x00,0x00,0x00,0x00,0xF1,0x1C,0x00,0x00,
    0x85,0x0B,0x00,0x00,0x00,0x00,0x00,0x00,0xE9,0x1C,0x00,0x00,0x29,0x1D,0x00,0x00,
    0x3D,0x16,0x00,0x00,0x07,0x10,0x00,0x00,0x31,0x1D,0x00,0x00,0xC5,0x1D,0x00,0x00,
    0x71,0x1E,0x00,0x00,0x49,0x1F,0x00,0x00,0x29,0x17,0x00,0x00,0xC1,0x17,0x00,0x00,
    0xA5,0x18,0x00,0x00,0xB5,0x20,0x00,0x00,0xD1,0x12,0x00,0x00,0xC5,0x12,0x00,0x00,
    0x00,0x00,0x00,0x00,0xAD,0x20,0x00,0x00,0x51,0x0C,0x00,0x00,0x3D,0x19,0x00,0x00,
    0x59,0x0C,0x00,0x00,0x9D,0x20,0x00,0x00,0x49,0x16,0x00,0x00,0x49,0x15,0x00,0x00,
    0x51,0x15,0x00,0x00,0x59,0x15,0x00,0x00,0x41,0x15,0x00,0x00,0x21,0x1D,0x00,0x00,
    0xDD,0x15,0x00,0x00,0x61,0x15,0x00,0x00,0x51,0x19,0x00,0x00,0x00,0x00,0x00,0x00,
    0x00,0x00,0x00,0x00,0x00,0x00,0x00,0x00,0x00,0x00,0x00,0x00,0x00,0x00,0x00,0x00,
    0xDF,0xF8,0x0C,0xD0,0x00,0xF0,0x20,0xFC,0x00,0x48,0x00,0x47,0x75,0x35,0x00,0x00,
    0x00,0x41,0x10,0x00,0x72,0xB6,0x78,0x46,0x00,0xF1,0x0A,0x00,0x4D,0xF8,0x08,0x0C,
    0x62,0xB6,0x30,0xBF,0x00,0xBF,0x70,0x47,0x40,0xEA,0x01,0x03,0x9B,0x07,0x03,0xD0,
    0x09,0xE0,0x08,0xC9,0x12,0x1F,0x08,0xC0,0x04,0x2A,0xFA,0xD2,0x03,0xE0,0x11,0xF8,
    0x01,0x3B,0x00,0xF8,0x01,0x3B,0x52,0x1E,0xF9,0xD2,0x70,0x47,0xD2,0xB2,0x01,0xE0,
    0x00,0xF8,0x01,0x2B,0x49,0x1E,0xFB,0xD2,0x70,0x47,0x00,0x22,0xF6,0xE7,0x10,0xB5,
    0x13,0x46,0x0A,0x46,0x04,0x46,0x19,0x46,0xFF,0xF7,0xF0,0xFF,0x20,0x46,0x10,0xBD,
    0xF0,0xB4,0x80,0xEA,0x01,0x02,0xD4,0x0F,0x42,0x00,0xB2,0xEB,0x41,0x0F,0x02,0xD2,
    0x02,0x46,0x08,0x46,0x11,0x46,0x4A,0x00,0x42,0xD0,0xC3,0x0D,0xDD,0xB2,0xC1,0xF3,
    0xC7,0x52,0xAD,0x1A,0x20,0x2D,0x35,0xDA,0xC1,0xF3,0x16,0x01,0x41,0xF4,0x00,0x02,
    0x04,0xB1,0x52,0x42,0xC5,0xF1,0x20,0x06,0x02,0xFA,0x06,0xF1,0x2A,0x41,0x10,0x44,
    0xB3,0xEB,0xD0,0x5F,0x23,0xD0,0xC4,0xB1,0x01,0x2D,0xA0,0xEB,0xC3,0x50,0x09,0xDC,
    0xF0,0xBC,0x4F,0xF0,0x00,0x42,0x02,0xEA,0xC3,0x52,0xDB,0xB2,0x00,0xF5,0x00,0x00,
    0x00,0xF0,0x2E,0xBB,0x40,0x00,0x00,0xF1,0x80,0x70,0x00,0xEB,0xC3,0x50,0xA0,0xF1,
    0x80,0x70,0x40,0xEA,0xD1,0x70,0x49,0x00,0x09,0xE0,0x49,0x08,0x41,0xEA,0xC0,0x71,
    0xA0,0xEB,0xC3,0x50,0x00,0xF5,0x00,0x00,0x40,0x08,0x00,0xEB,0xC3,0x50,0xF0,0xBC,
    0x00,0xF0,0x0D,0xBB,0x61,0x42,0x01,0x22,0x02,0xEB,0x41,0x01,0x00,0x1B,0xF6,0xE7,
    0xF0,0xBC,0x70,0x47,0x81,0xF0,0x00,0x41,0xAA,0xE7,0x80,0xF0,0x00,0x40,0xA7,0xE7,
    0x80,0xEA,0x01,0x02,0x10,0xB5,0x02,0xF0,0x00,0x43,0x40,0x00,0x22,0xD0,0x4A,0x00,
    0x1F,0xD0,0x01,0x0E,0x01,0xEB,0x12,0x61,0xC0,0xF3,0x56,0x00,0xC2,0xF3,0x56,0x02,
    0x40,0xF4,0x00,0x00,0x42,0xF4,0x00,0x02,0xA0,0xFB,0x02,0x20,0x00,0x04,0x7F,0x39,
    0x14,0x04,0x00,0xD0,0x40,0x1C,0x50,0xEA,0x12,0x40,0x01,0xD4,0x40,0x00,0x49,0x1E,
    0xC2,0xB2,0x0C,0x06,0x04,0xEB,0xD0,0x10,0x40,0x1C,0x40,0x08,0x80,0x2A,0x02,0xD0,
    0x03,0xE0,0x00,0x20,0x10,0xBD,0x20,0xF0,0x01,0x00,0x00,0x29,0x00,0xDA,0x00,0x20,
    0x18,0x43,0x10,0xBD,0x30,0xB4,0x80,0xEA,0x01,0x02,0x02,0xF0,0x00,0x45,0x30,0xF0,
    0x00,0x42,0x21,0xF0,0x00,0x40,0x13,0xD0,0x90,0xB1,0xC3,0x0D,0xD4,0x0D,0xC2,0xF3,
    0x16,0x01,0xC0,0xF3,0x16,0x00,0xE4,0x1A,0x41,0xF4,0x00,0x01,0x40,0xF4,0x00,0x02,
    0x7D,0x34,0x91,0x42,0x01,0xD3,0x64,0x1C,0x00,0xE0,0x49,0x00,0x00,0x2C,0x02,0xDA,
    0x30,0xBC,0x00,0x20,0x70,0x47,0x4F,0xF4,0x00,0x00,0x00,0x23,0x91,0x42,0x01,0xD3,
    0x89,0x1A,0x03,0x43,0x40,0x08,0x4F,0xEA,0x41,0x01,0xF7,0xD1,0x51,0xB1,0x91,0x42,
    0x02,0xD1,0x4F,0xF0,0x00,0x41,0x05,0xE0,0x02,0xD2,0x4F,0xF0,0x01,0x01,0x01,0xE0,
    0x6F,0xF0,0x01,0x01,0x03,0xEB,0xC4,0x50,0x28,0x44,0x30,0xBC,0x00,0xF0,0x8F,0xBA,
    0x2D,0xE9,0xFE,0x4F,0x80,0x46,0x81,0xEA,0x03,0x00,0xC0,0x0F,0x0C,0x46,0x00,0x90,
    0x21,0xF0,0x00,0x41,0x23,0xF0,0x00,0x45,0xB8,0xEB,0x02,0x00,0xA9,0x41,0x05,0xD2,
    0x40,0x46,0x21,0x46,0x90,0x46,0x1C,0x46,0x0B,0x46,0x02,0x46,0x23,0xF0,0x00,0x40,
    0x10,0x43,0x47,0xD0,0x27,0x0D,0xC7,0xF3,0x0A,0x00,0xC3,0xF3,0x0A,0x51,0x02,0x90,
    0x40,0x1A,0x01,0x90,0x40,0x28,0x6B,0xDA,0xC3,0xF3,0x13,0x00,0x40,0xF4,0x80,0x1B,
    0x00,0x98,0x92,0x46,0x20,0xB1,0x00,0x23,0xD2,0xEB,0x03,0x0A,0x63,0xEB,0x0B,0x0B,
    0x01,0x98,0x59,0x46,0xC0,0xF1,0x40,0x02,0x50,0x46,0x00,0xF0,0x27,0xFA,0x06,0x46,
    0x0D,0x46,0x50,0x46,0x59,0x46,0x01,0x9A,0x00,0xF0,0x3F,0xFA,0x10,0xEB,0x08,0x00,
    0x61,0x41,0x00,0x24,0x87,0xEA,0x11,0x52,0x84,0xEA,0xE7,0x73,0x1A,0x43,0x40,0xD0,
    0x00,0x9A,0x62,0xB3,0x01,0x9A,0x01,0x2A,0x4F,0xEA,0x07,0x52,0x15,0xDC,0x00,0x1B,
    0x61,0xEB,0x02,0x01,0x4F,0xF0,0x00,0x42,0x02,0xEA,0x07,0x52,0xCD,0xE9,0x00,0x42,
    0x00,0x1C,0x41,0xF5,0x80,0x11,0x32,0x46,0x2B,0x46,0x00,0xF0,0x76,0xFA,0x03,0xB0,
    0xBD,0xE8,0xF0,0x8F,0x40,0x46,0x21,0x46,0xF9,0xE7,0x00,0x1B,0x61,0xEB,0x02,0x01,
    0x00,0x1C,0x41,0xF5,0x80,0x13,0x00,0x18,0x5B,0x41,0x20,0x18,0xA2,0xF5,0x00,0x17,
    0x47,0xEB,0x03,0x01,0x40,0xEA,0xD5,0x70,0xB6,0x19,0x6D,0x41,0x11,0xE0,0x6D,0x08,
    0x4F,0xEA,0x36,0x06,0x45,0xEA,0xC0,0x75,0x4F,0xEA,0x07,0x52,0x00,0x1B,0x61,0xEB,
    0x02,0x01,0x00,0x1C,0x41,0xF5,0x80,0x11,0x49,0x08,0x4F,0xEA,0x30,0x00,0x00,0x19,
    0x51,0x41,0x32,0x46,0x2B,0x46,0x03,0xB0,0xBD,0xE8,0xF0,0x4F,0x00,0xF0,0x36,0xBA,
    0x00,0x98,0x01,0x22,0x40,0x00,0x00,0x23,0xD0,0xEB,0x02,0x02,0x63,0xEB,0xE0,0x73,
    0x00,0x98,0x21,0x46,0x4F,0xEA,0xE0,0x74,0xB8,0xEB,0x00,0x00,0x61,0xEB,0x04,0x01,
    0xE9,0xE7,0x83,0xF0,0x00,0x43,0x5B,0xE7,0x81,0xF0,0x00,0x41,0x58,0xE7,0x2D,0xE9,
    0xFE,0x4F,0x81,0xEA,0x03,0x04,0x04,0xF0,0x00,0x44,0x21,0xF0,0x00,0x41,0x00,0x94,
    0x4F,0xF0,0x00,0x0B,0x23,0xF0,0x00,0x43,0x50,0xEA,0x01,0x04,0x5E,0xD0,0x52,0xEA,
    0x03,0x04,0x5B,0xD0,0xC3,0xF3,0x0A,0x54,0xC1,0xF3,0x0A,0x55,0x2C,0x44,0xA4,0xF2,
    0xF3,0x34,0x01,0x94,0xA0,0xFB,0x02,0x54,0xC1,0xF3,0x13,0x01,0x41,0xF4,0x80,0x11,
    0xC3,0xF3,0x13,0x03,0x43,0xF4,0x80,0x13,0x01,0xFB,0x02,0x44,0x00,0xFB,0x03,0x4E,
    0x84,0x0A,0x97,0x0A,0x44,0xEA,0x81,0x54,0x47,0xEA,0x83,0x57,0xA4,0xFB,0x07,0x68,
    0x02,0x95,0x8D,0x0A,0x05,0xFB,0x07,0x85,0x4F,0xEA,0x93,0x2C,0x04,0xFB,0x0C,0x54,
    0x27,0x05,0x02,0x9D,0x4F,0xEA,0x06,0x58,0x47,0xEA,0x16,0x37,0xB5,0xEB,0x08,0x05,
    0x6E,0xEB,0x07,0x0C,0x87,0x0E,0x92,0x0E,0x47,0xEA,0x81,0x17,0x42,0xEA,0x83,0x12,
    0xA7,0xFB,0x02,0x01,0xB6,0xEB,0x0B,0x01,0x64,0xEB,0x00,0x04,0x2B,0x0D,0x43,0xEA,
    0x0C,0x33,0x5E,0x18,0x44,0xEB,0x1C,0x50,0xDA,0x46,0x51,0x46,0xE7,0xFB,0x02,0x01,
    0xC5,0xF3,0x13,0x04,0x4F,0xEA,0x0B,0x33,0x43,0xEA,0x14,0x53,0x4F,0xEA,0x04,0x32,
    0x01,0x9C,0x43,0xEA,0x06,0x03,0xA4,0xF1,0x0C,0x04,0x02,0x94,0x00,0x9C,0xCD,0xE9,
    0x00,0xB4,0x00,0xF0,0xC2,0xF9,0x03,0xB0,0xBD,0xE8,0xF0,0x8F,0x00,0x20,0x01,0x46,
    0xF9,0xE7,0x2D,0xE9,0xF0,0x4D,0x81,0xEA,0x03,0x04,0x04,0xF0,0x00,0x4B,0x21,0xF0,
    0x00,0x45,0x14,0x46,0x4F,0xF0,0x00,0x0A,0x23,0xF0,0x00,0x41,0x50,0xEA,0x05,0x02,
    0x20,0xD0,0x54,0xEA,0x01,0x02,0x1D,0xD0,0xC5,0xF3,0x0A,0x57,0x02,0x46,0xC5,0xF3,
    0x13,0x03,0xC1,0xF3,0x13,0x00,0xC1,0xF3,0x0A,0x56,0x40,0xF4,0x80,0x15,0x43,0xF4,
    0x80,0x13,0xA7,0xEB,0x06,0x08,0x10,0x1B,0xD6,0x46,0x08,0xF2,0xFD,0x38,0x73,0xEB,
    0x05,0x00,0x02,0xD3,0x08,0xF1,0x01,0x08,0x01,0xE0,0x92,0x18,0x5B,0x41,0xB8,0xF1,
    0x00,0x0F,0x03,0xDA,0x00,0x20,0x01,0x46,0xBD,0xE8,0xF0,0x8D,0x00,0x20,0x4F,0xF4,
    0x80,0x11,0x06,0x46,0x84,0x46,0x0E,0xE0,0x17,0x1B,0x73,0xEB,0x05,0x07,0x05,0xD3,
    0x12,0x1B,0x63,0xEB,0x05,0x03,0x06,0x43,0x4C,0xEA,0x01,0x0C,0x49,0x08,0x4F,0xEA,
    0x30,0x00,0x92,0x18,0x5B,0x41,0x50,0xEA,0x01,0x07,0xED,0xD1,0x52,0xEA,0x03,0x00,
    0x12,0xD0,0x82,0xEA,0x04,0x00,0x83,0xEA,0x05,0x01,0x08,0x43,0x05,0xD0,0x10,0x1B,
    0xAB,0x41,0x06,0xD2,0x01,0x22,0x00,0x23,0x06,0xE0,0x00,0x22,0x4F,0xF0,0x00,0x43,
    0x02,0xE0,0x6F,0xF0,0x01,0x02,0x53,0x10,0x1A,0xEB,0x06,0x00,0x4C,0xEB,0x08,0x51,
    0x10,0xEB,0x0A,0x00,0x41,0xEB,0x0B,0x01,0xBD,0xE8,0xF0,0x4D,0x00,0xF0,0x3E,0xB9,
    0xC1,0x0F,0x80,0xEA,0xE0,0x70,0x08,0x44,0xCA,0x07,0x96,0x23,0x00,0x21,0x00,0xF0,
    0x07,0xB9,0x96,0x23,0x00,0x22,0x11,0x46,0x00,0xF0,0x02,0xB9,0x0E,0xB5,0xC1,0x0F,
    0x80,0xEA,0xE0,0x70,0x08,0x44,0xCA,0x07,0x00,0x21,0x40,0xF2,0x33,0x43,0x8D,0xE8,
    0x0E,0x00,0x0A,0x46,0x0B,0x46,0x00,0xF0,0x30,0xF9,0x03,0xB0,0x00,0xBD,0x00,0xF0,
    0x00,0x42,0x20,0xF0,0x00,0x40,0xC1,0x0D,0xC0,0xF3,0x16,0x00,0x40,0xF4,0x00,0x00,
    0x7F,0x29,0x01,0xDA,0x00,0x20,0x70,0x47,0x96,0x29,0x03,0xDC,0xC1,0xF1,0x96,0x01,
    0xC8,0x40,0x01,0xE0,0x96,0x39,0x88,0x40,0x00,0x2A,0xF4,0xD0,0x40,0x42,0x70,0x47,
    0x20,0xF0,0x00,0x40,0xC1,0x0D,0xC0,0xF3,0x16,0x00,0x40,0xF4,0x00,0x00,0x7F,0x29,
    0x01,0xDA,0x00,0x20,0x70,0x47,0x96,0x29,0x03,0xDC,0xC1,0xF1,0x96,0x01,0xC8,0x40,
    0x70,0x47,0x96,0x39,0x88,0x40,0x70,0x47,0x70,0xB5,0xC1,0xF3,0x0A,0x52,0x01,0xF0,
    0x00,0x45,0x00,0x24,0xC1,0xF3,0x13,0x01,0x40,0xF2,0xFF,0x33,0x41,0xF4,0x80,0x11,
    0x9A,0x42,0x01,0xDA,0x00,0x20,0x70,0xBD,0x40,0xF2,0x33,0x43,0x9A,0x42,0xA2,0xF2,
    0x33,0x42,0x03,0xDC,0x52,0x42,0x00,0xF0,0x80,0xF8,0x00,0xE0,0x90,0x40,0x2C,0x43,
    0xF1,0xD0,0x40,0x42,0x70,0xBD,0xC1,0xF3,0x0A,0x52,0x10,0xB5,0xC1,0xF3,0x13,0x01,
    0x40,0xF2,0xFF,0x33,0x41,0xF4,0x80,0x11,0x9A,0x42,0x01,0xDA,0x00,0x20,0x10,0xBD,
    0x40,0xF2,0x33,0x43,0x9A,0x42,0xA2,0xF2,0x33,0x42,0x03,0xDC,0x52,0x42,0x00,0xF0,
    0x64,0xF8,0x10,0xBD,0x90,0x40,0x10,0xBD,0x00,0xF0,0x00,0x42,0x30,0xF0,0x00,0x40,
    0x0A,0xD0,0xC1,0x0D,0x01,0xF5,0x60,0x71,0xC0,0xF3,0x16,0x00,0x42,0xEA,0x01,0x51,
    0xC2,0x08,0x40,0x07,0x11,0x43,0x70,0x47,0x00,0x20,0x01,0x46,0x70,0x47,0x00,0x00,
    0x30,0xB5,0x04,0x1E,0x71,0xF1,0x00,0x04,0x04,0xDB,0x4F,0xF0,0x00,0x44,0x40,0x42,
    0x64,0xEB,0x01,0x01,0x14,0x1E,0x73,0xF1,0x00,0x04,0x05,0xDB,0x1C,0x46,0x4F,0xF0,
    0x00,0x43,0x52,0x42,0x63,0xEB,0x04,0x03,0x8B,0x42,0x08,0xBF,0x82,0x42,0x30,0xBD,
    0x01,0xF0,0x00,0x43,0x30,0xB4,0x21,0xF0,0x00,0x41,0x50,0xEA,0x01,0x02,0x06,0xD0,
    0x0A,0x0D,0xA2,0xF5,0x60,0x72,0xC1,0xF3,0x13,0x01,0x00,0x2A,0x02,0xDC,0x30,0xBC,
    0x00,0x20,0x70,0x47,0x44,0x0F,0x44,0xEA,0xC1,0x04,0xC1,0x00,0xE0,0x18,0x30,0xBC,
    0x00,0xEB,0xC2,0x50,0x00,0xF0,0x3B,0xB8,0x00,0x28,0x01,0xDB,0xC0,0xF1,0x00,0x40,
    0x00,0x29,0x01,0xDB,0xC1,0xF1,0x00,0x41,0x88,0x42,0x70,0x47,0x20,0x2A,0x04,0xDB,
    0x20,0x3A,0x00,0xFA,0x02,0xF1,0x00,0x20,0x70,0x47,0x91,0x40,0xC2,0xF1,0x20,0x03,
    0x20,0xFA,0x03,0xF3,0x19,0x43,0x90,0x40,0x70,0x47,0x20,0x2A,0x04,0xDB,0x20,0x3A,
    0x21,0xFA,0x02,0xF0,0x00,0x21,0x70,0x47,0x21,0xFA,0x02,0xF3,0xD0,0x40,0xC2,0xF1,
    0x20,0x02,0x91,0x40,0x08,0x43,0x19,0x46,0x70,0x47,0x20,0x2A,0x06,0xDB,0xCB,0x17,
    0x20,0x3A,0x41,0xFA,0x02,0xF0,0x43,0xEA,0xE0,0x73,0x06,0xE0,0x41,0xFA,0x02,0xF3,
    0xD0,0x40,0xC2,0xF1,0x20,0x02,0x91,0x40,0x08,0x43,0x19,0x46,0x70,0x47,0x00,0x29,
    0xA8,0xBF,0x70,0x47,0x40,0x1C,0x49,0x00,0x08,0xBF,0x20,0xF0,0x01,0x00,0x70,0x47,
    0x10,0xB4,0xB0,0xFA,0x80,0xFC,0x00,0xFA,0x0C,0xF0,0x50,0xEA,0x01,0x04,0x04,0xBF,
    0x10,0xBC,0x70,0x47,0x49,0xB1,0xCC,0xF1,0x20,0x04,0x21,0xFA,0x04,0xF4,0x11,0xFA,
    0x0C,0xF1,0x18,0xBF,0x01,0x21,0x21,0x43,0x08,0x43,0xA3,0xEB,0x0C,0x01,0xCB,0x1D,
    0x4F,0xEA,0x00,0x61,0x4F,0xEA,0x10,0x20,0x42,0xBF,0x00,0x20,0x10,0xBC,0x70,0x47,
    0x00,0xEB,0xC3,0x50,0x10,0x44,0x00,0x29,0xA4,0xBF,0x10,0xBC,0x70,0x47,0x40,0x1C,
    0x49,0x00,0x08,0xBF,0x20,0xF0,0x01,0x00,0x10,0xBC,0x70,0x47,0x10,0xB5,0x14,0x1E,
    0x73,0xF1,0x00,0x04,0x08,0xDA,0x40,0x1C,0x41,0xF1,0x00,0x01,0x92,0x18,0x5B,0x41,
    0x1A,0x43,0x01,0xD1,0x20,0xF0,0x01,0x00,0x10,0xBD,0x2D,0xE9,0xF0,0x4D,0x92,0x46,
    0x9B,0x46,0x11,0xB1,0xB1,0xFA,0x81,0xF2,0x02,0xE0,0xB0,0xFA,0x80,0xF2,0x20,0x32,
    0x90,0x46,0xFF,0xF7,0x7B,0xFF,0x04,0x46,0x0F,0x46,0x40,0xEA,0x0A,0x00,0x41,0xEA,
    0x0B,0x01,0x53,0x46,0x5A,0x46,0x08,0x43,0x13,0xD0,0x11,0x46,0x53,0xEA,0x01,0x00,
    0x19,0xD0,0xC8,0xF1,0x40,0x02,0x50,0x46,0xFF,0xF7,0x77,0xFF,0x05,0x46,0x0E,0x46,
    0x50,0x46,0x59,0x46,0x42,0x46,0xFF,0xF7,0x61,0xFF,0x08,0x43,0x05,0xD0,0x01,0x20,
    0x04,0xE0,0x20,0x46,0x39,0x46,0xBD,0xE8,0xF0,0x8D,0x00,0x20,0x05,0x43,0x46,0xEA,
    0xE0,0x76,0x2C,0x43,0x37,0x43,0x0A,0x98,0x63,0x05,0xE4,0x0A,0xA0,0xEB,0x08,0x00,
    0x00,0x22,0xFD,0x0A,0x44,0xEA,0x47,0x54,0x0A,0x30,0x02,0xD5,0x00,0x20,0x01,0x46,
    0xE9,0xE7,0x01,0x05,0x10,0x19,0x69,0x41,0xDD,0xE9,0x08,0x45,0x00,0x19,0x69,0x41,
    0xBD,0xE8,0xF0,0x4D,0xA2,0xE7,0x00,0x00,0x06,0x4C,0x07,0x4D,0x06,0xE0,0xE0,0x68,
    0x40,0xF0,0x01,0x03,0x94,0xE8,0x07,0x00,0x98,0x47,0x10,0x34,0xAC,0x42,0xF6,0xD3,
    0xFF,0xF7,0xD2,0xFB,0xEC,0x57,0x00,0x00,0x1C,0x58,0x00,0x00,0x70,0xB5,0x8C,0x18,
    0x10,0xF8,0x01,0x5B,0x15,0xF0,0x07,0x03,0x01,0xD1,0x10,0xF8,0x01,0x3B,0x2A,0x11,
    0x06,0xD1,0x10,0xF8,0x01,0x2B,0x03,0xE0,0x10,0xF8,0x01,0x6B,0x01,0xF8,0x01,0x6B,
    0x5B,0x1E,0xF9,0xD1,0x2B,0x07,0x05,0xD4,0x00,0x23,0x52,0x1E,0x0D,0xD4,0x01,0xF8,
    0x01,0x3B,0xFA,0xE7,0x10,0xF8,0x01,0x3B,0xCB,0x1A,0x92,0x1C,0x03,0xE0,0x13,0xF8,
    0x01,0x5B,0x01,0xF8,0x01,0x5B,0x52,0x1E,0xF9,0xD5,0xA1,0x42,0xD8,0xD3,0x00,0x20,
    0x70,0xBD,0x10,0xB5,0x00,0xF0,0x4E,0xF8,0x10,0xBD,0x00,0x00,0x03,0x48,0x00,0x68,
    0x40,0xF0,0x04,0x00,0x01,0x49,0x08,0x60,0x70,0x47,0x00,0x00,0x10,0x41,0x10,0x00,
    0x10,0xB5,0x03,0x48,0x00,0x68,0x10,0xB1,0x01,0x48,0x00,0x68,0x80,0x47,0x10,0xBD,
    0x98,0x43,0x10,0x00,0x01,0x49,0x08,0x60,0x70,0x47,0x00,0x00,0x98,0x43,0x10,0x00,
    0xF0,0xB5,0x03,0x46,0x0C,0x46,0x00,0x20,0x00,0x21,0x14,0xE0,0x03,0x22,0x0F,0xE0,
    0x53,0xF8,0x21,0x70,0x4F,0xEA,0xC2,0x0C,0x47,0xFA,0x0C,0xF7,0xFE,0xB2,0x86,0xEA,
    0x20,0x67,0xFD,0xB2,0x05,0x4F,0x57,0xF8,0x25,0x70,0x87,0xEA,0x00,0x20,0x52,0x1E,
    0x00,0x2A,0xED,0xDA,0x49,0x1C,0xA1,0x42,0xE8,0xDB,0xF0,0xBD,0xEC,0x53,0x00,0x00,
    0x10,0xB5,0x00,0xF0,0x56,0xF8,0x01,0xF0,0x0F,0xFB,0x28,0xB9,0x04,0x48,0x00,0x68,
    0x40,0xF0,0x04,0x00,0x02,0x49,0x08,0x60,0xFF,0xF7,0x5C,0xFB,0x10,0xBD,0x00,0x00,
    0x10,0xED,0x00,0xE0,0x10,0xB5,0x04,0x48,0x00,0x68,0x20,0xF0,0x04,0x00,0x02,0x49,
    0x08,0x60,0x00,0xF0,0x29,0xF8,0x10,0xBD,0x10,0xED,0x00,0xE0,0x48,0xF6,0x19,0x70,
    0x41,0x07,0x48,0x85,0x0B,0x20,0x0C,0x49,0x08,0x70,0x00,0x20,0x4F,0xF0,0x00,0x51,
    0xA1,0xF8,0x44,0x00,0x02,0x20,0x08,0x49,0x82,0x31,0x08,0x70,0x01,0x20,0x07,0x49,
    0x08,0x60,0x06,0x49,0x70,0x31,0x08,0x60,0x00,0x20,0x05,0x49,0x08,0x60,0x01,0x20,
    0x04,0x49,0x08,0x60,0x70,0x47,0x00,0x00,0x68,0x00,0x00,0x20,0xD4,0x03,0x00,0x22,
    0x34,0x08,0x00,0x22,0xCC,0x1D,0x00,0x22,0x10,0xB5,0x41,0xF2,0xA4,0x40,0xC1,0x06,
    0xC8,0x84,0x00,0xF0,0x1D,0xF8,0x10,0xBD,0x4F,0xF0,0x00,0x51,0x08,0x81,0x70,0x47,
    0x4F,0xF0,0x00,0x51,0x89,0x8C,0x60,0xF3,0x04,0x01,0x4F,0xF0,0x00,0x52,0x91,0x84,
    0x70,0x47,0x10,0xB5,0x40,0xF2,0xA6,0x70,0x4F,0xF0,0x00,0x51,0xC8,0x84,0x00,0xF0,
    0x07,0xF8,0x10,0xBD,0x4C,0x20,0x01,0x49,0x08,0x70,0x70,0x47,0x20,0x00,0x00,0x20,
    0x4F,0xF0,0x00,0x52,0xD2,0x8C,0x02,0xF0,0x03,0x01,0x15,0x4A,0x12,0x68,0x82,0xB1,
    0x01,0x29,0x07,0xD0,0x02,0x29,0x03,0xD0,0x03,0x29,0x06,0xD1,0x46,0x20,0x07,0xE0,
    0x96,0x20,0x05,0xE0,0x4F,0xF4,0x96,0x70,0x02,0xE0,0x4F,0xF4,0x16,0x70,0x00,0xBF,
    0x0F,0xE0,0x01,0x29,0x07,0xD0,0x02,0x29,0x03,0xD0,0x03,0x29,0x05,0xD1,0x32,0x20,
    0x06,0xE0,0x6E,0x20,0x04,0xE0,0xDC,0x20,0x02,0xE0,0x4F,0xF4,0xE1,0x70,0x00,0xBF,
    0x00,0xBF,0x42,0x1E,0x03,0x4B,0x1A,0x80,0x1B,0x07,0xA3,0xF8,0x52,0x20,0x70,0x47,
    0xDC,0x04,0x00,0x22,0x52,0x00,0x00,0x20,0x10,0xB5,0x4F,0xF4,0x7E,0x41,0x0C,0x48,
    0xFF,0xF7,0xEB,0xFA,0x0B,0x48,0x0C,0x49,0x0A,0x68,0x02,0x60,0x8A,0x88,0x82,0x80,
    0x89,0x79,0x81,0x71,0x06,0x48,0x09,0x49,0x09,0x88,0xA0,0xF8,0x00,0x1F,0x00,0xF5,
    0x80,0x50,0x07,0x49,0x0A,0x68,0x02,0x60,0x89,0x88,0x81,0x80,0x10,0xBD,0x00,0x00,
    0x00,0x00,0x01,0x20,0x00,0x06,0x01,0x20,0x37,0x41,0x10,0x00,0x4C,0x41,0x10,0x00,
    0x50,0x41,0x10,0x00,0x10,0xB5,0xFF,0xF7,0x4D,0xFF,0x10,0xBD,0x1C,0xB5,0x04,0x46,
    0xF0,0x20,0x8D,0xF8,0x00,0x00,0x20,0x0E,0x8D,0xF8,0x01,0x00,0x20,0x0C,0x8D,0xF8,
    0x02,0x00,0x20,0x0A,0x8D,0xF8,0x03,0x00,0xE0,0xB2,0x8D,0xF8,0x04,0x00,0x00,0x20,
    0x8D,0xF8,0x05,0x00,0x8D,0xF8,0x06,0x00,0x8D,0xF8,0x07,0x00,0x68,0x46,0x00,0xF0,
    0x29,0xF8,0x1C,0xBD,0x7C,0xB5,0x05,0x46,0x0C,0x46,0x8D,0xF8,0x00,0x50,0x20,0x0E,
    0x8D,0xF8,0x01,0x00,0x20,0x0C,0x8D,0xF8,0x02,0x00,0x20,0x0A,0x8D,0xF8,0x03,0x00,
    0xE0,0xB2,0x8D,0xF8,0x04,0x00,0x00,0x20,0x8D,0xF8,0x05,0x00,0x8D,0xF8,0x06,0x00,
    0x8D,0xF8,0x07,0x00,0x68,0x46,0x00,0xF0,0x0D,0xF8,0x7C,0xBD,0x01,0x20,0x04,0x49,
    0x08,0x60,0x00,0x20,0x08,0x60,0x01,0x20,0x01,0x49,0x08,0x39,0x08,0x60,0x70,0x47,
    0x94,0x05,0x00,0x22,0x01,0x78,0x0D,0x4A,0x11,0x70,0x41,0x78,0x52,0x1C,0x11,0x70,
    0x81,0x78,0x52,0x1C,0x11,0x70,0xC1,0x78,0x52,0x1C,0x11,0x70,0x01,0x79,0x52,0x1C,
    0x11,0x70,0x41,0x79,0x52,0x1C,0x11,0x70,0x81,0x79,0x52,0x1C,0x11,0x70,0xC1,0x79,
    0x4F,0xF0,0x00,0x52,0x82,0xF8,0x07,0x12,0x70,0x47,0x00,0x00,0x00,0x02,0x00,0x20,
    0x10,0xB5,0xFF,0xF7,0xE7,0xFE,0x10,0xBD,0x10,0xB5,0xFF,0xF7,0xE3,0xFE,0x10,0xBD,
    0x01,0x46,0x01,0xF1,0x10,0x00,0x00,0x0B,0x70,0x47,0x70,0x47,0x70,0xB5,0x05,0x46,
    0x0E,0x46,0x14,0x46,0xA2,0x00,0x31,0x46,0x28,0x46,0xFF,0xF7,0x35,0xFA,0x70,0xBD,
    0x01,0x46,0x08,0x68,0x70,0x47,0x00,0x00,0x70,0xB5,0x00,0x24,0x0F,0x25,0x0D,0x48,
    0x00,0xF0,0x1C,0xF8,0x0B,0x48,0x80,0x69,0xC0,0x1C,0x08,0xB9,0x0A,0x4C,0x0C,0xE0,
    0x08,0x48,0x80,0x69,0x40,0x1C,0x18,0xB1,0x06,0x48,0x80,0x69,0x80,0x1C,0x10,0xB9,
    0x05,0x4C,0x64,0x1C,0x01,0xE0,0x03,0x48,0x05,0x7E,0x28,0x46,0xFF,0xF7,0xF0,0xFE,
    0x20,0x46,0x70,0xBD,0x40,0x5C,0x10,0x00,0x01,0x00,0x00,0x10,0x30,0xB5,0x95,0xB0,
    0x04,0x46,0x30,0x21,0x20,0x46,0xFF,0xF7,0x20,0xFA,0x60,0x48,0xFF,0xF7,0xD0,0xFF,
    0x01,0x90,0x5E,0x48,0x00,0x1D,0xFF,0xF7,0xCB,0xFF,0x02,0x90,0x5B,0x48,0x08,0x30,
    0xFF,0xF7,0xC6,0xFF,0x03,0x90,0x59,0x48,0x0C,0x30,0xFF,0xF7,0xC1,0xFF,0x04,0x90,
    0x56,0x48,0x10,0x30,0xFF,0xF7,0xBC,0xFF,0x05,0x90,0x54,0x48,0x14,0x30,0xFF,0xF7,
    0xB7,0xFF,0x06,0x90,0x51,0x48,0x18,0x30,0xFF,0xF7,0xB2,0xFF,0x07,0x90,0x4F,0x48,
    0x1C,0x30,0xFF,0xF7,0xAD,0xFF,0x08,0x90,0x4C,0x48,0x20,0x30,0xFF,0xF7,0xA8,0xFF,
    0x09,0x90,0x4A,0x48,0x24,0x30,0xFF,0xF7,0xA3,0xFF,0x0A,0x90,0x47,0x48,0x28,0x30,
    0xFF,0xF7,0x9E,0xFF,0x0B,0x90,0x45,0x48,0x2C,0x30,0xFF,0xF7,0x99,0xFF,0x0C,0x90,
    0x42,0x48,0x30,0x30,0xFF,0xF7,0x94,0xFF,0x0D,0x90,0x40,0x48,0x34,0x30,0xFF,0xF7,
    0x8F,0xFF,0x0E,0x90,0x3D,0x48,0x38,0x30,0xFF,0xF7,0x8A,0xFF,0x0F,0x90,0x3B,0x48,
    0x3C,0x30,0xFF,0xF7,0x85,0xFF,0x10,0x90,0x38,0x48,0x40,0x30,0xFF,0xF7,0x80,0xFF,
    0x11,0x90,0x36,0x48,0x44,0x30,0xFF,0xF7,0x7B,0xFF,0x12,0x90,0x33,0x48,0x48,0x30,
    0xFF,0xF7,0x76,0xFF,0x13,0x90,0x31,0x48,0x4C,0x30,0xFF,0xF7,0x71,0xFF,0x14,0x90,
    0x2F,0x49,0x01,0x98,0x88,0x42,0x49,0xD1,0x4F,0xF0,0xFF,0x30,0xA0,0x61,0x20,0x61,
    0x60,0x61,0x20,0x60,0x60,0x60,0xA0,0x60,0xE0,0x60,0xA0,0x62,0xE0,0x62,0xE0,0x61,
    0x20,0x62,0x60,0x62,0x04,0xA8,0x03,0x99,0xFF,0xF7,0xFA,0xFD,0x05,0x46,0x02,0x98,
    0xA8,0x42,0x0F,0xD0,0x6F,0xF0,0x02,0x00,0xA0,0x61,0x20,0x61,0x60,0x61,0x20,0x60,
    0x60,0x60,0xA0,0x60,0xE0,0x60,0xA0,0x62,0xE0,0x62,0xE0,0x61,0x20,0x62,0x60,0x62,
    0x15,0xB0,0x30,0xBD,0x0C,0x98,0x80,0xB2,0x45,0xF2,0xAA,0x51,0x88,0x42,0x0C,0xD1,
    0x05,0x98,0xC0,0xB2,0xA0,0x61,0x14,0x98,0x80,0xB2,0x88,0x42,0x02,0xD1,0xA0,0x69,
    0xE0,0x61,0x02,0xE0,0xA0,0x69,0x80,0x1D,0xE0,0x61,0x0E,0x98,0x80,0xB2,0x45,0xF2,
    0xAA,0x51,0x88,0x42,0x01,0xD1,0x07,0x98,0xA0,0x62,0x0F,0x98,0x80,0xB2,0x45,0xF2,
    0xAA,0x51,0x88,0x42,0x01,0xD1,0x08,0x98,0xE0,0x62,0x0D,0xE0,0x6F,0xF0,0x02,0x00,
    0xA0,0x61,0x20,0x61,0x60,0x61,0x20,0x60,0x60,0x60,0xA0,0x60,0xE0,0x60,0xA0,0x62,
    0xE0,0x62,0xE0,0x61,0x20,0x62,0x60,0x62,0x00,0xBF,0xC9,0xE7,0xB4,0x1E,0x04,0x00,
    0x5C,0x00,0x0D,0x60,0xF0,0xB5,0x03,0x46,0x0C,0x46,0x15,0x46,0x18,0x46,0xFF,0xF7,
    0xF7,0xFE,0xC7,0xB2,0x01,0x20,0x0A,0x49,0x08,0x60,0x1E,0x46,0x07,0xF0,0x3F,0x00,
    0x08,0x49,0x08,0x70,0x00,0x22,0x04,0xE0,0x54,0xF8,0x22,0x00,0x46,0xF8,0x22,0x00,
    0x52,0x1C,0xAA,0x42,0xF8,0xDB,0x00,0x20,0x01,0x49,0x08,0x60,0xF0,0xBD,0x00,0x00,
    0x44,0x1B,0x00,0x22,0x6B,0x00,0x00,0x20,0xFE,0xB5,0x36,0x25,0x00,0x26,0x77,0x1E,
    0x00,0x20,0x02,0x90,0x01,0x90,0x23,0xE0,0x00,0x24,0x01,0x22,0x01,0xA9,0x06,0x20,
    0x00,0xF0,0x33,0xF9,0x68,0x46,0x00,0xF0,0x29,0xF8,0x06,0x46,0x96,0xB9,0x00,0x98,
    0x44,0x1B,0x20,0x1E,0x01,0xDB,0x01,0x46,0x00,0xE0,0x41,0x42,0xB9,0x42,0x0A,0xD2,
    0x20,0x1E,0x01,0xDB,0x01,0x46,0x00,0xE0,0x41,0x42,0x0F,0x46,0x9D,0xF8,0x04,0x00,
    0x02,0x90,0x00,0xE0,0x08,0xE0,0x9D,0xF8,0x04,0x00,0x40,0x1C,0xC0,0xB2,0x01,0x90,
    0x9D,0xF8,0x04,0x00,0x20,0x28,0xD7,0xDB,0x00,0xBF,0x01,0x22,0x02,0xA9,0x06,0x20,
    0x00,0xF0,0x0B,0xF9,0x9D,0xF8,0x08,0x00,0xFE,0xBD,0x00,0x00,0x2D,0xE9,0xF8,0x43,
    0x05,0x46,0x00,0x26,0x00,0x27,0xB0,0x46,0x38,0x20,0x00,0x90,0x01,0x22,0x69,0x46,
    0x12,0x20,0x00,0xF0,0xFA,0xF8,0x01,0x20,0x00,0x90,0x01,0x22,0x69,0x46,0x48,0x20,
    0x00,0xF0,0xF3,0xF8,0x00,0xF0,0xFE,0xF9,0x04,0x46,0x00,0xBF,0x00,0xF0,0xFA,0xF9,
    0xA0,0x42,0xFB,0xD0,0x00,0xBF,0x00,0xF0,0xF5,0xF9,0xA0,0x42,0xFB,0xD1,0x00,0x20,
    0x1D,0x49,0x08,0x60,0x1D,0x49,0x64,0x20,0x00,0xF0,0xC0,0xFF,0x00,0xF0,0x76,0xFF,
    0x06,0x46,0x00,0xBF,0x00,0xF0,0xE6,0xF9,0xA0,0x42,0x03,0xD1,0x16,0x48,0x00,0x68,
    0x00,0x28,0xF7,0xD0,0x00,0xBF,0x00,0xF0,0xDD,0xF9,0xA0,0x42,0x03,0xD0,0x12,0x48,
    0x00,0x68,0x00,0x28,0xF7,0xD0,0x00,0xF0,0x61,0xFF,0x07,0x46,0x00,0xF0,0xC6,0xFF,
    0x00,0x20,0x00,0x90,0x01,0x22,0x69,0x46,0x48,0x20,0x00,0xF0,0xBE,0xF8,0x30,0x20,
    0x00,0x90,0x01,0x22,0x69,0x46,0x12,0x20,0x00,0xF0,0xB7,0xF8,0x06,0x48,0x00,0x68,
    0x20,0xB1,0x00,0x20,0x28,0x60,0xDF,0xF8,0x18,0x80,0x01,0xE0,0xF0,0x1B,0x28,0x60,
    0x40,0x46,0xBD,0xE8,0xF8,0x83,0x00,0x00,0x20,0x41,0x10,0x00,0xE5,0x0F,0x00,0x00,
    0x02,0x00,0x00,0x20,0x10,0xB5,0x00,0xF0,0xA1,0xFF,0x01,0x20,0x01,0x49,0x08,0x60,
    0x10,0xBD,0x00,0x00,0x20,0x41,0x10,0x00,0x01,0xB5,0x01,0x22,0x69,0x46,0x06,0x20,
    0x00,0xF0,0x93,0xF8,0x08,0xBD,0x10,0xB5,0xFF,0xF7,0x0C,0xFD,0x10,0xBD,0x00,0x00,
    0x10,0xB5,0x01,0x22,0x03,0x49,0x2A,0x20,0x00,0xF0,0x87,0xF8,0x01,0x20,0x02,0x49,
    0x08,0x60,0x10,0xBD,0x18,0x41,0x10,0x00,0x1C,0x41,0x10,0x00,0x08,0xB5,0x01,0x22,
    0x10,0x49,0x2A,0x20,0x00,0xF0,0x67,0xF8,0x0E,0x48,0x00,0x78,0x00,0x90,0x9D,0xF8,
    0x00,0x00,0x20,0xF0,0x10,0x00,0x00,0x90,0x9D,0xF8,0x00,0x00,0x40,0xF0,0x01,0x00,
    0x00,0x90,0x01,0x22,0x69,0x46,0x2A,0x20,0x00,0xF0,0x67,0xF8,0x00,0x20,0x06,0x49,
    0x08,0x60,0x06,0x48,0x00,0xF0,0x1C,0xF8,0x00,0xBF,0x03,0x48,0x00,0x68,0x00,0x28,
    0xFB,0xD0,0x08,0xBD,0x18,0x41,0x10,0x00,0x1C,0x41,0x10,0x00,0x11,0x10,0x00,0x00,
    0x70,0x47,0x70,0x47,0x10,0xB5,0x07,0x20,0x00,0xF0,0x28,0xF9,0x00,0x20,0x01,0xE0,
    0x00,0xBF,0x40,0x1C,0x64,0x28,0xFB,0xDB,0x07,0x20,0x00,0xF0,0xB3,0xF9,0x10,0xBD,
    0x38,0xB5,0x04,0x46,0x3D,0x20,0x00,0x90,0x01,0x22,0x69,0x46,0x12,0x20,0x00,0xF0,
    0x3C,0xF8,0x20,0x46,0x00,0xF0,0x74,0xFA,0x38,0xBD,0x00,0x00,0x38,0xB5,0x00,0x24,
    0x00,0x22,0x01,0x21,0x07,0x20,0x00,0xF0,0xAB,0xF9,0xFF,0xF7,0xDB,0xFF,0x02,0x22,
    0x69,0x46,0x00,0x20,0x00,0xF0,0x17,0xF8,0xBD,0xF8,0x00,0x00,0x00,0x90,0xBD,0xF8,
    0x00,0x00,0x44,0xF2,0x0E,0x21,0x88,0x42,0x00,0xD0,0x01,0x4C,0x20,0x46,0x38,0xBD,
    0x01,0x00,0x00,0x20,0x10,0xB5,0x04,0x46,0x0C,0x22,0x21,0x46,0x4F,0xF4,0x80,0x70,
    0x00,0xF0,0x01,0xF8,0x10,0xBD,0x7C,0xB5,0x04,0x46,0x0D,0x46,0x16,0x46,0x20,0x0A,
    0x8D,0xF8,0x04,0x00,0xE0,0xB2,0x8D,0xF8,0x05,0x00,0x2B,0x46,0x02,0x22,0x01,0xA9,
    0x4A,0x20,0x00,0x96,0x00,0xF0,0x72,0xFD,0x7C,0xBD,0x70,0xB5,0xA2,0xB0,0x04,0x46,
    0x0E,0x46,0x15,0x46,0x80,0x2D,0x01,0xDD,0x22,0xB0,0x70,0xBD,0x20,0x0A,0x8D,0xF8,
    0x04,0x00,0xE0,0xB2,0x8D,0xF8,0x05,0x00,0x2A,0x46,0x31,0x46,0x0D,0xF1,0x06,0x00,
    0xFE,0xF7,0xCA,0xFF,0xAA,0x1C,0x01,0xA9,0x4A,0x20,0x00,0xF0,0x07,0xFD,0x00,0xBF,
    0xEA,0xE7,0x00,0x00,0x02,0x49,0x08,0x60,0x00,0x21,0x02,0x4A,0x11,0x60,0x70,0x47,
    0x28,0x41,0x10,0x00,0x24,0x41,0x10,0x00,0x10,0xB5,0x01,0x20,0x06,0x49,0x08,0x60,
    0x06,0x48,0x00,0xF0,0xE5,0xFE,0x00,0xBF,0x03,0x48,0x00,0x68,0x01,0x28,0xFB,0xD0,
    0x03,0x48,0x00,0x68,0x10,0xBD,0x00,0x00,0x24,0x41,0x10,0x00,0x65,0x11,0x00,0x00,
    0x28,0x41,0x10,0x00,0x10,0xB5,0x00,0x24,0xFF,0xF7,0x48,0xFC,0xFF,0xF7,0x26,0xFD,
    0xFF,0xF7,0x5B,0xFD,0xFF,0xF7,0x68,0xFD,0x04,0x46,0xFF,0xF7,0x33,0xFC,0xFF,0xF7,
    0x81,0xFC,0x00,0xF0,0xD3,0xF8,0x00,0xF0,0xE7,0xFE,0x00,0xF0,0x0D,0xFA,0x00,0xF0,
    0xC3,0xFB,0x20,0x46,0x10,0xBD,0x00,0x00,0x30,0xB5,0x00,0x21,0x08,0x46,0x45,0xE0,
    0x24,0x4A,0x02,0xEB,0x40,0x02,0x92,0xF9,0x00,0x10,0x01,0xF0,0x1F,0x03,0x01,0x22,
    0x9A,0x40,0x21,0x4B,0x4C,0x09,0x43,0xF8,0x24,0x20,0x00,0xBF,0x1D,0x4B,0x03,0xEB,
    0x40,0x03,0x93,0xF9,0x00,0x10,0x1B,0x4B,0x03,0xEB,0x40,0x03,0x5A,0x78,0x00,0x29,
    0x07,0xDA,0x53,0x07,0x1D,0x0E,0x19,0x4B,0x01,0xF0,0x0F,0x04,0x24,0x1F,0x1D,0x55,
    0x03,0xE0,0x53,0x07,0x1C,0x0E,0x16,0x4B,0x5C,0x54,0x00,0xBF,0x11,0x4A,0x02,0xEB,
    0x40,0x02,0x92,0xF9,0x00,0x10,0x01,0xF0,0x1F,0x03,0x01,0x22,0x9A,0x40,0x11,0x4B,
    0x4C,0x09,0x43,0xF8,0x24,0x20,0x00,0xBF,0x0A,0x4A,0x02,0xEB,0x40,0x02,0x92,0xF9,
    0x00,0x10,0x01,0xF0,0x1F,0x03,0x01,0x22,0x9A,0x40,0x4B,0x09,0x9B,0x00,0x03,0xF1,
    0xE0,0x23,0xC3,0xF8,0x00,0x21,0x00,0xBF,0x41,0x1C,0x08,0x46,0x12,0x28,0xB7,0xD3,
    0x30,0xBD,0x00,0x00,0x48,0x53,0x00,0x00,0x80,0xE1,0x00,0xE0,0x18,0xED,0x00,0xE0,
    0x00,0xE4,0x00,0xE0,0x80,0xE2,0x00,0xE0,0x70,0xB5,0x05,0x46,0x0C,0x46,0x22,0x46,
    0x02,0x49,0x28,0x46,0xFF,0xF7,0xEA,0xFC,0x70,0xBD,0x00,0x00,0xF0,0xEF,0x03,0x00,
    0x70,0xB5,0x04,0x46,0x0D,0x46,0x06,0x48,0xFF,0xF7,0xDA,0xFC,0xC6,0xB2,0x30,0x46,
    0xFE,0xF0,0xFE,0xFE,0x2A,0x46,0x21,0x46,0x01,0x48,0xFF,0xF7,0xD3,0xFD,0x70,0xBD,
    0xF0,0xEF,0x03,0x00,0x10,0xB5,0xFF,0xF7,0xAD,0xFB,0x00,0xF0,0x15,0xF8,0x10,0xBD,
    0x10,0xB5,0xFF,0xF7,0xA7,0xFB,0x00,0xF0,0x6F,0xF8,0x10,0xBD,0x01,0x22,0x82,0x40,
    0xD1,0xB2,0x04,0x4A,0x12,0x78,0x8A,0x43,0x4F,0xF0,0x00,0x53,0x83,0xF8,0x35,0x20,
    0x70,0x47,0x00,0x00,0x35,0x00,0x00,0x20,0x70,0xB5,0x00,0x24,0x1B,0xE0,0x01,0x20,
    0xA0,0x40,0xC5,0xB2,0x0D,0x48,0x00,0x78,0x28,0x40,0x98,0xB1,0x0B,0x48,0x0A,0x30,
    0x00,0x78,0x28,0x40,0x70,0xB1,0x0A,0x48,0x50,0xF8,0x24,0x00,0x18,0xB1,0x08,0x49,
    0x51,0xF8,0x24,0x00,0x80,0x47,0x05,0x48,0x00,0x78,0xA8,0x43,0x4F,0xF0,0x00,0x51,
    0x81,0xF8,0x33,0x00,0x64,0x1C,0x08,0x2C,0xE1,0xDB,0x70,0xBD,0x33,0x00,0x00,0x20,
    0x90,0x5C,0x10,0x00,0x01,0x48,0x00,0x68,0x70,0x47,0x00,0x00,0x98,0x1B,0x00,0x22,
    0x01,0x46,0x01,0x20,0x88,0x40,0xC2,0xB2,0x03,0x48,0x00,0x78,0x10,0x40,0x08,0xB1,
    0x01,0x20,0x70,0x47,0x00,0x20,0xFC,0xE7,0x37,0x00,0x00,0x20,0x7F,0x20,0x0F,0x49,
    0x08,0x70,0x4F,0xF0,0x00,0x51,0x81,0xF8,0x36,0x00,0x0C,0x49,0xC9,0x1C,0x08,0x70,
    0x00,0x20,0x09,0x1D,0x08,0x70,0x49,0x1C,0x08,0x70,0x49,0x1C,0x08,0x70,0x49,0x1C,
    0x08,0x70,0x00,0xBF,0x07,0xE0,0x00,0x21,0x05,0x4A,0x42,0xF8,0x20,0x10,0x05,0x4A,
    0x42,0xF8,0x20,0x10,0x40,0x1C,0x08,0x28,0xF5,0xDB,0x70,0x47,0x35,0x00,0x00,0x20,
    0x70,0x5C,0x10,0x00,0x90,0x5C,0x10,0x00,0x70,0xB5,0x00,0x24,0x1B,0xE0,0x01,0x20,
    0xA0,0x40,0xC5,0xB2,0x0D,0x48,0x00,0x78,0x28,0x40,0x98,0xB1,0x0B,0x48,0x0A,0x30,
    0x00,0x78,0x28,0x40,0x70,0xB1,0x0A,0x48,0x50,0xF8,0x24,0x00,0x18,0xB1,0x08,0x49,
    0x51,0xF8,0x24,0x00,0x80,0x47,0x05,0x48,0x00,0x78,0xA8,0x43,0x4F,0xF0,0x00,0x51,
    0x81,0xF8,0x32,0x00,0x64,0x1C,0x08,0x2C,0xE1,0xDB,0x70,0xBD,0x32,0x00,0x00,0x20,
    0x70,0x5C,0x10,0x00,0x01,0x22,0x82,0x40,0xD1,0xB2,0x04,0x4A,0x12,0x78,0x0A,0x43,
    0x4F,0xF0,0x00,0x53,0x83,0xF8,0x35,0x20,0x70,0x47,0x00,0x00,0x35,0x00,0x00,0x20,
    0x30,0xB5,0x03,0x46,0x01,0x24,0x9C,0x40,0xE0,0xB2,0x39,0xB1,0x10,0x4C,0x24,0x78,
    0x04,0x43,0x4F,0xF0,0x00,0x55,0x85,0xF8,0x36,0x40,0x06,0xE0,0x0C,0x4C,0x24,0x78,
    0x84,0x43,0x4F,0xF0,0x00,0x55,0x85,0xF8,0x36,0x40,0x42,0xB1,0x08,0x4C,0xA4,0x1C,
    0x24,0x78,0x04,0x43,0x4F,0xF0,0x00,0x55,0x85,0xF8,0x38,0x40,0x07,0xE0,0x04,0x4C,
    0xA4,0x1C,0x24,0x78,0x84,0x43,0x4F,0xF0,0x00,0x55,0x85,0xF8,0x38,0x40,0x30,0xBD,
    0x36,0x00,0x00,0x20,0x70,0xB5,0x04,0x46,0x01,0x25,0xA5,0x40,0xE8,0xB2,0xB1,0xB1,
    0x2A,0x4D,0x2D,0x78,0x85,0x43,0x4F,0xF0,0x00,0x56,0x86,0xF8,0x32,0x50,0x35,0x46,
    0x95,0xF8,0x3C,0x50,0x05,0x43,0x86,0xF8,0x3C,0x50,0x35,0x46,0x95,0xF8,0x3E,0x50,
    0x05,0x43,0x86,0xF8,0x3E,0x50,0x22,0x4D,0x45,0xF8,0x24,0x30,0x11,0xE0,0x1F,0x4D,
    0x0A,0x35,0x2D,0x78,0x85,0x43,0x4F,0xF0,0x00,0x56,0x86,0xF8,0x3C,0x50,0x35,0x46,
    0x95,0xF8,0x3E,0x50,0x85,0x43,0x86,0xF8,0x3E,0x50,0x00,0x25,0x18,0x4E,0x46,0xF8,
    0x24,0x50,0xBA,0xB1,0x15,0x4D,0x6D,0x1C,0x2D,0x78,0x85,0x43,0x4F,0xF0,0x00,0x56,
    0x86,0xF8,0x33,0x50,0x35,0x46,0x95,0xF8,0x3D,0x50,0x05,0x43,0x86,0xF8,0x3D,0x50,
    0x35,0x46,0x95,0xF8,0x3F,0x50,0x05,0x43,0x86,0xF8,0x3F,0x50,0x0D,0x4D,0x45,0xF8,
    0x24,0x30,0x11,0xE0,0x09,0x4D,0x0B,0x35,0x2D,0x78,0x85,0x43,0x4F,0xF0,0x00,0x56,
    0x86,0xF8,0x3D,0x50,0x35,0x46,0x95,0xF8,0x3F,0x50,0x85,0x43,0x86,0xF8,0x3F,0x50,
    0x00,0x25,0x04,0x4E,0x46,0xF8,0x24,0x50,0x70,0xBD,0x00,0x00,0x32,0x00,0x00,0x20,
    0x70,0x5C,0x10,0x00,0x90,0x5C,0x10,0x00,0x10,0xB5,0xFF,0xF7,0x73,0xFA,0x10,0xBD,
    0x10,0xB5,0xFF,0xF7,0x6F,0xFA,0x10,0xBD,0x10,0xB5,0xFF,0xF7,0x6B,0xFA,0x10,0xBD,
    0x10,0xB5,0xFF,0xF7,0x67,0xFA,0x10,0xBD,0x10,0xB5,0xFF,0xF7,0x63,0xFA,0x10,0xBD,
    0x10,0xB5,0xFF,0xF7,0x5F,0xFA,0x10,0xBD,0x00,0x20,0x09,0x49,0x08,0x60,0x01,0x20,
    0x08,0x49,0x08,0x60,0x00,0x20,0x08,0x49,0x08,0x70,0xA0,0x20,0x07,0x49,0x08,0x60,
    0x00,0x20,0x04,0x49,0x08,0x60,0x01,0x20,0x01,0x49,0x08,0x60,0x70,0x47,0x00,0x00,
    0x10,0x05,0x00,0x22,0x90,0x1B,0x00,0x22,0xEE,0x00,0x00,0x20,0x10,0x0C,0x02,0x20,
    0x00,0x21,0x04,0x4A,0x11,0x60,0x11,0x21,0x03,0x4A,0x11,0x70,0x03,0x49,0x08,0x60,
    0x70,0x47,0x00,0x00,0x04,0x0C,0x02,0x20,0xEE,0x00,0x00,0x20,0x9C,0x43,0x10,0x00,
    0x10,0xB5,0x05,0x48,0x04,0x68,0x00,0x20,0x03,0x49,0x08,0x60,0xFF,0xF7,0xCC,0xFF,
    0x04,0xB1,0xA0,0x47,0x10,0xBD,0x00,0x00,0x9C,0x43,0x10,0x00,0x10,0xB5,0xFF,0xF7,
    0x21,0xFA,0xFF,0xF7,0xED,0xFF,0x10,0xBD,0x00,0xB5,0x89,0xB0,0x20,0x22,0x0C,0x49,
    0x01,0xA8,0xFE,0xF7,0x79,0xFD,0x20,0x22,0x01,0xA9,0x0A,0x48,0xFE,0xF7,0x74,0xFD,
    0xA0,0x20,0x09,0x49,0x08,0x60,0x00,0x20,0x08,0x49,0x08,0x60,0x01,0x20,0x08,0x49,
    0x08,0x60,0x08,0x49,0x08,0x70,0x00,0x20,0x07,0x49,0x08,0x60,0x09,0xB0,0x00,0xBD,
    0x6C,0x53,0x00,0x00,0x00,0x00,0x02,0x20,0x08,0x0C,0x02,0x20,0xE0,0x1E,0x00,0x22,
    0x94,0x1B,0x00,0x22,0xDE,0x00,0x00,0x20,0x9C,0x43,0x10,0x00,0x10,0xB5,0xFF,0xF7,
    0xF1,0xF9,0xFF,0xF7,0xAD,0xF9,0x10,0xBD,0x10,0xB5,0xFF,0xF7,0xEB,0xF9,0x10,0xBD,
    0x70,0xB5,0x00,0x24,0xFF,0xF7,0x32,0xFD,0x04,0x46,0x14,0xB1,0x20,0x46,0xFF,0xF7,
    0x95,0xFA,0xFF,0xF7,0x0E,0xFD,0xFF,0xF7,0x0B,0xFD,0x01,0xF0,0xF3,0xFB,0x13,0x48,
    0x80,0x68,0x12,0x49,0xC9,0x68,0xC9,0x43,0x88,0x42,0x12,0xD0,0xFF,0xF7,0x14,0xFC,
    0x05,0x46,0x29,0x46,0xC2,0x20,0xFF,0xF7,0x9D,0xFA,0x0C,0x48,0x85,0x60,0x80,0x68,
    0xC0,0x43,0x0A,0x49,0xC8,0x60,0x4F,0xF4,0x7A,0x71,0x08,0x48,0xFF,0xF7,0x00,0xFE,
    0x08,0xE0,0x06,0x49,0x08,0x7A,0xFF,0xF7,0xA7,0xFC,0x04,0x48,0x01,0x7A,0xC3,0x20,
    0xFF,0xF7,0x88,0xFA,0xFF,0xF7,0xBA,0xFC,0x70,0xBD,0x00,0x00,0x0C,0x44,0x10,0x00,
    0x70,0xB5,0x00,0x24,0xFF,0xF7,0x6E,0xFD,0x04,0x46,0x14,0xB1,0x20,0x46,0xFF,0xF7,
    0x5D,0xFA,0x4F,0xF4,0x7A,0x71,0x13,0x48,0xFF,0xF7,0xD6,0xFD,0x11,0x48,0x00,0x68,
    0x10,0x49,0x49,0x68,0xC9,0x43,0x88,0x42,0x12,0xD0,0xFF,0xF7,0x45,0xFD,0x05,0x46,
    0x29,0x46,0xC0,0x20,0xFF,0xF7,0x66,0xFA,0x0A,0x48,0x05,0x60,0x00,0x68,0xC0,0x43,
    0x08,0x49,0x48,0x60,0x4F,0xF4,0x7A,0x71,0x06,0x48,0xFF,0xF7,0xC9,0xFD,0x08,0xE0,
    0x04,0x49,0x08,0x68,0x00,0xF0,0xA2,0xFC,0x02,0x48,0x01,0x68,0xC1,0x20,0xFF,0xF7,
    0x51,0xFA,0x70,0xBD,0x0C,0x44,0x10,0x00,0x10,0xB5,0xFF,0xF7,0x7B,0xF9,0x00,0xF0,
    0x01,0xF8,0x10,0xBD,0x10,0xB5,0x13,0x48,0x00,0x68,0xB0,0xF5,0x80,0x3F,0x0B,0xD3,
    0x10,0x48,0x00,0x68,0xA0,0xF5,0x7F,0x40,0xFF,0x38,0x0E,0x49,0x08,0x60,0x4F,0xF6,
    0xFF,0x70,0x00,0xF0,0x1B,0xF8,0x13,0xE0,0x0A,0x48,0x00,0x68,0x48,0xB1,0x09,0x48,
    0x00,0x88,0x84,0xB2,0x00,0x20,0x07,0x49,0x08,0x60,0x20,0x46,0x00,0xF0,0x0E,0xF8,
    0x06,0xE0,0x05,0x48,0x04,0x68,0x00,0xF0,0x15,0xF8,0x04,0xB1,0xA0,0x47,0x00,0xBF,
    0x10,0xBD,0x00,0x00,0xC0,0x43,0x10,0x00,0xC4,0x43,0x10,0x00,0x00,0x21,0x03,0x4A,
    0x11,0x60,0x03,0x49,0x08,0x80,0x01,0x21,0x11,0x60,0x70,0x47,0x50,0x09,0x00,0x22,
    0x60,0x00,0x00,0x20,0x00,0x20,0x03,0x49,0x08,0x60,0x03,0x49,0x08,0x60,0x03,0x49,
    0x08,0x60,0x70,0x47,0x50,0x09,0x00,0x22,0xC0,0x43,0x10,0x00,0xC4,0x43,0x10,0x00,
    0x10,0xB5,0xFF,0xF7,0x2F,0xF9,0x00,0xF0,0x01,0xF8,0x10,0xBD,0x10,0xB5,0x13,0x48,
    0x00,0x68,0xB0,0xF5,0x80,0x3F,0x0B,0xD3,0x10,0x48,0x00,0x68,0xA0,0xF5,0x7F,0x40,
    0xFF,0x38,0x0E,0x49,0x08,0x60,0x4F,0xF6,0xFF,0x70,0x00,0xF0,0x1B,0xF8,0x13,0xE0,
    0x0A,0x48,0x00,0x68,0x48,0xB1,0x09,0x48,0x00,0x88,0x84,0xB2,0x00,0x20,0x07,0x49,
    0x08,0x60,0x20,0x46,0x00,0xF0,0x0E,0xF8,0x06,0xE0,0x05,0x48,0x04,0x68,0x00,0xF0,
    0x3B,0xF8,0x04,0xB1,0xA0,0x47,0x00,0xBF,0x10,0xBD,0x00,0x00,0xC8,0x43,0x10,0x00,
    0xCC,0x43,0x10,0x00,0x00,0x21,0x03,0x4A,0x11,0x60,0x03,0x49,0x08,0x80,0x01,0x21,
    0x11,0x60,0x70,0x47,0x54,0x09,0x00,0x22,0x62,0x00,0x00,0x20,0x70,0xB5,0x05,0x46,
    0x0E,0x46,0x0E,0x48,0x06,0x60,0x0E,0x48,0x00,0x68,0x68,0x43,0x64,0x21,0xB0,0xFB,
    0xF1,0xF4,0xB4,0xF5,0x80,0x3F,0x09,0xDB,0xA4,0xF5,0x7F,0x40,0xFF,0x38,0x09,0x49,
    0x08,0x60,0x4F,0xF6,0xFF,0x70,0xFF,0xF7,0xDD,0xFF,0x05,0xE0,0x00,0x20,0x05,0x49,
    0x08,0x60,0xA0,0xB2,0xFF,0xF7,0xD6,0xFF,0x70,0xBD,0x00,0x00,0xCC,0x43,0x10,0x00,
    0xA0,0x43,0x10,0x00,0xC8,0x43,0x10,0x00,0x00,0x20,0x03,0x49,0x08,0x60,0x03,0x49,
    0x08,0x60,0x03,0x49,0x08,0x60,0x70,0x47,0x54,0x09,0x00,0x22,0xC8,0x43,0x10,0x00,
    0xCC,0x43,0x10,0x00,0x10,0xB5,0xFF,0xF7,0xBD,0xF8,0x00,0xF0,0x01,0xF8,0x10,0xBD,
    0x10,0xB5,0x13,0x48,0x00,0x68,0xB0,0xF5,0x80,0x3F,0x0B,0xD3,0x10,0x48,0x00,0x68,
    0xA0,0xF5,0x7F,0x40,0xFF,0x38,0x0E,0x49,0x08,0x60,0x4F,0xF6,0xFF,0x70,0x00,0xF0,
    0x1B,0xF8,0x13,0xE0,0x0A,0x48,0x00,0x68,0x48,0xB1,0x09,0x48,0x00,0x88,0x84,0xB2,
    0x00,0x20,0x07,0x49,0x08,0x60,0x20,0x46,0x00,0xF0,0x0E,0xF8,0x06,0xE0,0x05,0x48,
    0x04,0x68,0x00,0xF0,0x15,0xF8,0x04,0xB1,0xA0,0x47,0x00,0xBF,0x10,0xBD,0x00,0x00,
    0xD0,0x43,0x10,0x00,0xD4,0x43,0x10,0x00,0x00,0x21,0x03,0x4A,0x11,0x60,0x03,0x49,
    0x08,0x80,0x01,0x21,0x11,0x60,0x70,0x47,0x58,0x09,0x00,0x22,0x64,0x00,0x00,0x20,
    0x00,0x20,0x03,0x49,0x08,0x60,0x03,0x49,0x08,0x60,0x03,0x49,0x08,0x60,0x70,0x47,
    0x58,0x09,0x00,0x22,0xD0,0x43,0x10,0x00,0xD4,0x43,0x10,0x00,0x10,0xB5,0xFF,0xF7,
    0x71,0xF8,0x00,0xF0,0x7D,0xFB,0x10,0xBD,0x10,0xB5,0xFF,0xF7,0x6B,0xF8,0x10,0xBD,
    0x10,0xB5,0xFF,0xF7,0x67,0xF8,0x10,0xBD,0x4F,0xF0,0x00,0x51,0xC9,0x8C,0x01,0xF0,
    0x03,0x00,0x4F,0xF0,0x00,0x51,0xC9,0x8C,0x01,0xF0,0x80,0x01,0x00,0x29,0x7B,0xD0,
    0x00,0xEB,0x40,0x01,0x7A,0x4A,0x12,0xF8,0x21,0x10,0x7A,0x4A,0x11,0x70,0x00,0xEB,
    0x40,0x01,0x77,0x4A,0x02,0xEB,0x81,0x01,0x49,0x78,0x4F,0xF0,0x00,0x52,0x82,0xF8,
    0x99,0x10,0x00,0xEB,0x40,0x01,0x72,0x4A,0x02,0xEB,0x81,0x01,0x89,0x78,0x71,0x4A,
    0x92,0x1C,0x11,0x70,0x00,0xEB,0x40,0x01,0x6D,0x4A,0x02,0xEB,0x81,0x01,0xC9,0x78,
    0x89,0x06,0x09,0x0E,0x4F,0xF0,0x00,0x52,0x82,0xF8,0x9B,0x10,0x00,0xEB,0x40,0x01,
    0x67,0x4A,0x02,0xEB,0x81,0x01,0x09,0x79,0x89,0x06,0x09,0x0E,0x4F,0xF0,0x00,0x52,
    0x82,0xF8,0x9C,0x10,0x00,0xEB,0x40,0x01,0x61,0x4A,0x02,0xEB,0x81,0x01,0x49,0x79,
    0x89,0x06,0x09,0x0E,0x4F,0xF0,0x00,0x52,0x82,0xF8,0x9D,0x10,0x00,0xEB,0x40,0x01,
    0x5B,0x4A,0x02,0xEB,0x81,0x01,0x89,0x79,0x4F,0xF0,0x00,0x52,0x82,0xF8,0x9E,0x10,
    0x00,0xEB,0x40,0x01,0x56,0x4A,0x02,0xEB,0x81,0x01,0xC9,0x79,0x4F,0xF0,0x00,0x52,
    0x82,0xF8,0x9F,0x10,0x00,0xEB,0x40,0x01,0x51,0x4A,0x02,0xEB,0x81,0x01,0x09,0x7A,
    0x4F,0xF0,0x00,0x52,0x82,0xF8,0xA0,0x10,0x00,0xEB,0x40,0x01,0x4C,0x4A,0x02,0xEB,
    0x81,0x01,0x49,0x7A,0x4F,0xF0,0x00,0x52,0x82,0xF8,0xA1,0x10,0x00,0xEB,0x40,0x01,
    0x47,0x4A,0x02,0xEB,0x81,0x01,0x89,0x7A,0x4F,0xF0,0x00,0x52,0x82,0xF8,0xA2,0x10,
    0x00,0xEB,0x40,0x01,0x42,0x4A,0x02,0xEB,0x81,0x01,0xC9,0x7A,0x4F,0xF0,0x00,0x52,
    0x82,0xF8,0xA3,0x10,0x7A,0xE0,0xFF,0xE7,0x00,0xEB,0x40,0x01,0x3E,0x4A,0x12,0xF8,
    0x21,0x10,0x3C,0x4A,0x11,0x70,0x00,0xEB,0x40,0x01,0x3B,0x4A,0x02,0xEB,0x81,0x01,
    0x49,0x78,0x4F,0xF0,0x00,0x52,0x82,0xF8,0x99,0x10,0x00,0xEB,0x40,0x01,0x36,0x4A,
    0x02,0xEB,0x81,0x01,0x89,0x78,0x33,0x4A,0x92,0x1C,0x11,0x70,0x00,0xEB,0x40,0x01,
    0x31,0x4A,0x02,0xEB,0x81,0x01,0xC9,0x78,0x89,0x06,0x09,0x0E,0x4F,0xF0,0x00,0x52,
    0x82,0xF8,0x9B,0x10,0x00,0xEB,0x40,0x01,0x2B,0x4A,0x02,0xEB,0x81,0x01,0x09,0x79,
    0x89,0x06,0x09,0x0E,0x4F,0xF0,0x00,0x52,0x82,0xF8,0x9C,0x10,0x00,0xEB,0x40,0x01,
    0x25,0x4A,0x02,0xEB,0x81,0x01,0x49,0x79,0x89,0x06,0x09,0x0E,0x4F,0xF0,0x00,0x52,
    0x82,0xF8,0x9D,0x10,0x00,0xEB,0x40,0x01,0x1F,0x4A,0x02,0xEB,0x81,0x01,0x89,0x79,
    0x4F,0xF0,0x00,0x52,0x82,0xF8,0x9E,0x10,0x00,0xEB,0x40,0x01,0x1A,0x4A,0x02,0xEB,
    0x81,0x01,0xC9,0x79,0x4F,0xF0,0x00,0x52,0x82,0xF8,0x9F,0x10,0x00,0xEB,0x40,0x01,
    0x15,0x4A,0x02,0xEB,0x81,0x01,0x09,0x7A,0x4F,0xF0,0x00,0x52,0x82,0xF8,0xA0,0x10,
    0x00,0xEB,0x40,0x01,0x10,0x4A,0x02,0xEB,0x81,0x01,0x49,0x7A,0x4F,0xF0,0x00,0x52,
    0x82,0xF8,0xA1,0x10,0x00,0xEB,0x40,0x01,0x0B,0x4A,0x02,0xEB,0x81,0x01,0x89,0x7A,
    0x4F,0xF0,0x00,0x52,0x82,0xF8,0xA2,0x10,0x00,0xEB,0x40,0x01,0x06,0x4A,0x02,0xEB,
    0x81,0x01,0xC9,0x7A,0x4F,0xF0,0x00,0x52,0x82,0xF8,0xA3,0x10,0x70,0x47,0x00,0x00,
    0xBC,0x53,0x00,0x00,0x98,0x00,0x00,0x20,0x8C,0x53,0x00,0x00,0x2D,0xE9,0xF0,0x41,
    0x04,0x46,0x0E,0x46,0x15,0x46,0x00,0x27,0x2A,0x46,0x31,0x46,0x1E,0x48,0xFE,0xF7,
    0xB3,0xFA,0x04,0xF0,0x7F,0x00,0x1D,0x49,0x08,0x70,0x4F,0xF0,0x00,0x51,0x81,0xF8,
    0x8E,0x50,0x19,0x48,0x19,0x49,0xC9,0x1D,0x08,0x80,0x00,0x20,0x18,0x49,0x08,0x60,
    0x16,0x49,0x49,0x1D,0x08,0x70,0x01,0x20,0x16,0x49,0xC1,0xF8,0x40,0x02,0x00,0xBF,
    0x13,0x48,0x1C,0x30,0x00,0x68,0x01,0x28,0xFA,0xD1,0x10,0x48,0x40,0x1E,0x00,0x78,
    0xC0,0xF3,0x02,0x10,0x05,0x28,0x0F,0xD2,0xDF,0xE8,0x00,0xF0,0x0F,0x03,0x05,0x08,
    0x0B,0x00,0x0D,0x4F,0x0B,0xE0,0x0C,0x4F,0x7F,0x1C,0x08,0xE0,0x0A,0x4F,0xBF,0x1C,
    0x05,0xE0,0x09,0x4F,0xFF,0x1C,0x02,0xE0,0x00,0xBF,0x00,0x27,0x00,0xBF,0x00,0xBF,
    0x38,0x46,0xBD,0xE8,0xF0,0x81,0x00,0x00,0x00,0xFF,0x01,0x20,0x8D,0x00,0x00,0x20,
    0x80,0x11,0x00,0x22,0x00,0x10,0x00,0x22,0x03,0x00,0x00,0x10,0x2D,0xE9,0xF0,0x47,
    0x04,0x46,0x88,0x46,0x15,0x46,0x1E,0x46,0x08,0x9F,0x4F,0xF0,0x00,0x09,0x2A,0x46,
    0x41,0x46,0x2A,0x48,0xFE,0xF7,0x60,0xFA,0x04,0xF0,0x7F,0x00,0x28,0x49,0x08,0x70,
    0x4F,0xF0,0x00,0x51,0x81,0xF8,0x8E,0x50,0x24,0x48,0x25,0x49,0xC9,0x1D,0x08,0x80,
    0x4F,0xF0,0x00,0x51,0x81,0xF8,0x8F,0x70,0x22,0x48,0x21,0x49,0x09,0x31,0x08,0x80,
    0x00,0x20,0x49,0x1F,0x08,0x70,0x20,0x20,0x49,0x1C,0x08,0x70,0x00,0x20,0x1E,0x49,
    0x08,0x60,0x01,0x20,0x09,0x1F,0x08,0x60,0x00,0xBF,0x1B,0x48,0xA8,0x38,0x00,0x68,
    0x01,0x28,0xFA,0xD1,0x16,0x48,0x40,0x1E,0x00,0x78,0xC0,0xF3,0x02,0x10,0x05,0x28,
    0x16,0xD2,0xDF,0xE8,0x00,0xF0,0x16,0x03,0x06,0x0B,0x10,0x00,0xDF,0xF8,0x4C,0x90,
    0x12,0xE0,0xDF,0xF8,0x48,0x90,0x09,0xF1,0x01,0x09,0x0D,0xE0,0xDF,0xF8,0x3C,0x90,
    0x09,0xF1,0x02,0x09,0x08,0xE0,0xDF,0xF8,0x34,0x90,0x09,0xF1,0x03,0x09,0x03,0xE0,
    0x00,0xBF,0x4F,0xF0,0x00,0x09,0x00,0xBF,0x00,0xBF,0x3A,0x46,0x05,0x49,0x30,0x46,
    0xFE,0xF7,0x12,0xFA,0x48,0x46,0xBD,0xE8,0xF0,0x87,0x00,0x00,0x00,0xFF,0x01,0x20,
    0x8D,0x00,0x00,0x20,0x00,0xFE,0x01,0x20,0x44,0x12,0x00,0x22,0x03,0x00,0x00,0x10,
    0x10,0xB5,0xFE,0xF0,0x8D,0xF9,0x10,0xBD,0x10,0xB5,0xFE,0xF7,0x9B,0xFE,0x10,0xBD,
    0x10,0xB5,0xFE,0xF7,0x97,0xFE,0x10,0xBD,0x03,0x48,0x00,0x68,0x40,0xF0,0x02,0x00,
    0x01,0x49,0x08,0x60,0x70,0x47,0x00,0x00,0x10,0x41,0x10,0x00,0x03,0x48,0x00,0x68,
    0x40,0xF0,0x01,0x00,0x01,0x49,0x08,0x60,0x70,0x47,0x00,0x00,0x10,0x41,0x10,0x00,
    0x10,0xB5,0xFE,0xF7,0x7F,0xFE,0x10,0xBD,0x10,0xB5,0xFE,0xF7,0x7B,0xFE,0x10,0xBD,
    0x10,0xB5,0xFE,0xF7,0x77,0xFE,0x00,0xF0,0x01,0xF8,0x10,0xBD,0x10,0xB5,0x12,0x48,
    0x00,0x68,0xB0,0xF5,0x80,0x3F,0x0B,0xDB,0x0F,0x48,0x00,0x68,0xA0,0xF5,0x7F,0x40,
    0xFF,0x38,0x0D,0x49,0x08,0x60,0x4F,0xF6,0xFF,0x70,0x00,0xF0,0x19,0xF8,0x12,0xE0,
    0x09,0x48,0x00,0x68,0x40,0xB1,0x08,0x48,0x04,0x78,0x00,0x20,0x06,0x49,0x08,0x60,
    0x20,0x46,0x00,0xF0,0x0D,0xF8,0x06,0xE0,0x04,0x48,0x04,0x68,0x00,0xF0,0x14,0xF8,
    0x04,0xB1,0xA0,0x47,0x00,0xBF,0x10,0xBD,0xA8,0x43,0x10,0x00,0xAC,0x43,0x10,0x00,
    0x00,0x21,0x03,0x4A,0x11,0x60,0x03,0x49,0x08,0x80,0x01,0x21,0x11,0x60,0x70,0x47,
    0x40,0x09,0x00,0x22,0x58,0x00,0x00,0x20,0x00,0x20,0x03,0x49,0x08,0x60,0x03,0x49,
    0x08,0x60,0x03,0x49,0x08,0x60,0x70,0x47,0x40,0x09,0x00,0x22,0xA8,0x43,0x10,0x00,
    0xAC,0x43,0x10,0x00,0x10,0xB5,0xFE,0xF7,0x2D,0xFE,0x00,0xF0,0x01,0xF8,0x10,0xBD,
    0x10,0xB5,0x13,0x48,0x00,0x68,0xB0,0xF5,0x80,0x3F,0x0B,0xDB,0x10,0x48,0x00,0x68,
    0xA0,0xF5,0x7F,0x40,0xFF,0x38,0x0E,0x49,0x08,0x60,0x4F,0xF6,0xFF,0x70,0x00,0xF0,
    0x1B,0xF8,0x14,0xE0,0x0A,0x48,0x00,0x68,0x00,0x28,0x09,0xDD,0x08,0x48,0x00,0x88,
    0x84,0xB2,0x00,0x20,0x06,0x49,0x08,0x60,0x20,0x46,0x00,0xF0,0x0D,0xF8,0x06,0xE0,
    0x04,0x48,0x04,0x68,0x00,0xF0,0x14,0xF8,0x04,0xB1,0xA0,0x47,0x00,0xBF,0x10,0xBD,
    0xB0,0x43,0x10,0x00,0xB4,0x43,0x10,0x00,0x00,0x21,0x03,0x4A,0x11,0x60,0x03,0x49,
    0x08,0x80,0x01,0x21,0x11,0x60,0x70,0x47,0x44,0x09,0x00,0x22,0x5A,0x00,0x00,0x20,
    0x00,0x20,0x03,0x49,0x08,0x60,0x03,0x49,0x08,0x60,0x03,0x49,0x08,0x60,0x70,0x47,
    0x44,0x09,0x00,0x22,0xB0,0x43,0x10,0x00,0xB4,0x43,0x10,0x00,0x02,0x48,0x00,0x88,
    0x02,0x49,0x09,0x68,0x08,0x44,0x70,0x47,0x5C,0x00,0x00,0x20,0xB8,0x43,0x10,0x00,
    0x10,0xB5,0xFE,0xF7,0xD7,0xFD,0x00,0xF0,0x01,0xF8,0x10,0xBD,0x10,0xB5,0x13,0x48,
    0x00,0x68,0xB0,0xF5,0x80,0x3F,0x0B,0xDB,0x10,0x48,0x00,0x68,0xA0,0xF5,0x7F,0x40,
    0xFF,0x38,0x0E,0x49,0x08,0x60,0x4F,0xF6,0xFF,0x70,0x00,0xF0,0x1B,0xF8,0x13,0xE0,
    0x0A,0x48,0x00,0x68,0x48,0xB1,0x09,0x48,0x00,0x88,0x84,0xB2,0x00,0x20,0x07,0x49,
    0x08,0x60,0x20,0x46,0x00,0xF0,0x0E,0xF8,0x06,0xE0,0x05,0x48,0x04,0x68,0x00,0xF0,
    0x35,0xF8,0x04,0xB1,0xA0,0x47,0x00,0xBF,0x10,0xBD,0x00,0x00,0xB8,0x43,0x10,0x00,
    0xBC,0x43,0x10,0x00,0x00,0x21,0x03,0x4A,0x11,0x60,0x03,0x49,0x08,0x80,0x01,0x21,
    0x11,0x60,0x70,0x47,0x48,0x09,0x00,0x22,0x5C,0x00,0x00,0x20,0x70,0xB5,0x05,0x46,
    0x0E,0x46,0x0C,0x48,0x06,0x60,0x64,0x20,0x68,0x43,0x0A,0x21,0x90,0xFB,0xF1,0xF4,
    0xB4,0xF5,0x80,0x3F,0x07,0xDB,0xA4,0xF1,0xFF,0x00,0x07,0x49,0x08,0x60,0xFF,0x20,
    0xFF,0xF7,0xE0,0xFF,0x05,0xE0,0x00,0x20,0x03,0x49,0x08,0x60,0xA0,0xB2,0xFF,0xF7,
    0xD9,0xFF,0x70,0xBD,0xBC,0x43,0x10,0x00,0xB8,0x43,0x10,0x00,0x00,0x20,0x03,0x49,
    0x08,0x60,0x03,0x49,0x08,0x60,0x03,0x49,0x08,0x60,0x70,0x47,0x48,0x09,0x00,0x22,
    0xB8,0x43,0x10,0x00,0xBC,0x43,0x10,0x00,0x10,0xB5,0xFE,0xF7,0x6B,0xFD,0x10,0xBD,
    0x10,0xB5,0x04,0x46,0x4F,0xF0,0x00,0x50,0xC0,0x8C,0x00,0xF0,0x80,0x00,0x28,0xB1,
    0x4E,0xF6,0x60,0x21,0x20,0x46,0x00,0xF0,0x07,0xF8,0x04,0xE0,0x4A,0xF6,0xC8,0x71,
    0x20,0x46,0x00,0xF0,0x01,0xF8,0x10,0xBD,0x05,0x4A,0x10,0x60,0x4F,0xF0,0x00,0x52,
    0x51,0x65,0x01,0x22,0x03,0x4B,0x1A,0x60,0x1B,0x1D,0x1A,0x60,0x70,0x47,0x00,0x00,
    0xA4,0x43,0x10,0x00,0xF8,0x09,0x00,0x22,0x10,0xB5,0x00,0x20,0x14,0x49,0x08,0x70,
    0x4F,0xF0,0x00,0x51,0x81,0xF8,0x50,0x00,0xF0,0x20,0x11,0x49,0xC9,0x1D,0x08,0x70,
    0x0F,0x20,0x89,0x1F,0x08,0x70,0x00,0x20,0x0E,0x49,0x08,0x60,0x0E,0x49,0x08,0x60,
    0x0E,0x49,0x08,0x60,0x0E,0x49,0x08,0x60,0x0E,0x49,0x08,0x60,0x0E,0x49,0x08,0x60,
    0x0E,0x49,0x08,0x60,0x0E,0x49,0x08,0x60,0x0E,0x49,0x08,0x60,0x0E,0x49,0x08,0x60,
    0x0E,0x49,0x08,0x60,0x0E,0x49,0x08,0x60,0x0E,0x48,0x00,0xF0,0x37,0xF8,0x10,0xBD,
    0x4A,0x00,0x00,0x20,0xC0,0x43,0x10,0x00,0xC8,0x43,0x10,0x00,0xD0,0x43,0x10,0x00,
    0xA8,0x43,0x10,0x00,0xB0,0x43,0x10,0x00,0xB8,0x43,0x10,0x00,0xAC,0x43,0x10,0x00,
    0xB4,0x43,0x10,0x00,0xBC,0x43,0x10,0x00,0xC4,0x43,0x10,0x00,0xCC,0x43,0x10,0x00,
    0xD4,0x43,0x10,0x00,0x00,0x77,0x01,0x00,0x04,0x48,0x00,0x78,0x00,0xF0,0x0F,0x00,
    0x08,0xB1,0x01,0x20,0x70,0x47,0x00,0x20,0xFC,0xE7,0x00,0x00,0x4A,0x00,0x00,0x20,
    0x10,0xB5,0x4F,0xF0,0x00,0x50,0xC0,0x6C,0x20,0xF0,0x7F,0x44,0x20,0x46,0x02,0x49,
    0x09,0x68,0x88,0x47,0x10,0xBD,0x00,0x00,0xA4,0x43,0x10,0x00,0x10,0xB5,0x04,0x46,
    0x4F,0xF0,0x00,0x50,0xC0,0x8C,0x00,0xF0,0x80,0x00,0x28,0xB1,0x4E,0xF6,0x60,0x21,
    0x20,0x46,0x00,0xF0,0x07,0xF8,0x04,0xE0,0x4A,0xF6,0xC8,0x71,0x20,0x46,0x00,0xF0,
    0x01,0xF8,0x10,0xBD,0x01,0xEB,0x81,0x02,0x52,0x00,0x83,0x09,0xB2,0xFB,0xF3,0xF2,
    0x01,0x4B,0x1A,0x60,0x70,0x47,0x00,0x00,0xA0,0x43,0x10,0x00,0x10,0xB5,0xFE,0xF7,
    0xC1,0xFC,0x10,0xBD,0x10,0xB5,0xFE,0xF7,0xBD,0xFC,0x10,0xBD,0x10,0xB5,0xFE,0xF7,
    0xB9,0xFC,0x10,0xBD,0x10,0xB5,0xFE,0xF7,0xB5,0xFC,0x10,0xBD,0x08,0x48,0x00,0x78,
    0x00,0xF0,0x10,0x00,0x48,0xB1,0x06,0x48,0x00,0x78,0x20,0xF0,0x10,0x00,0x4F,0xF0,
    0x00,0x51,0x81,0xF8,0x21,0x00,0x01,0x20,0x70,0x47,0x00,0x20,0xFC,0xE7,0x00,0x00,
    0x21,0x00,0x00,0x20,0x40,0x20,0x01,0x49,0x08,0x70,0x70,0x47,0x21,0x00,0x00,0x20,
    0x00,0x20,0x05,0x49,0x08,0x60,0x4F,0xF6,0xFF,0x70,0x04,0x49,0x08,0x80,0x01,0x20,
    0x01,0x49,0x08,0x60,0x70,0x47,0x00,0x00,0x5C,0x09,0x00,0x22,0x66,0x00,0x00,0x20,
    0x00,0x20,0x01,0x49,0x08,0x60,0x70,0x47,0x5C,0x09,0x00,0x22,0x02,0xE0,0x08,0xC8,
    0x12,0x1F,0x08,0xC1,0x00,0x2A,0xFA,0xD1,0x70,0x47,0x70,0x47,0x00,0x20,0x01,0xE0,
    0x01,0xC1,0x12,0x1F,0x00,0x2A,0xFB,0xD1,0x70,0x47,0x00,0x00,0x30,0xB5,0x00,0x24,
    0x01,0x25,0x0A,0x23,0x4E,0xF6,0x60,0x22,0x02,0x21,0x0F,0x48,0x00,0xF0,0x34,0xFD,
    0x05,0x46,0xAD,0xB1,0x00,0xBF,0x0D,0xE0,0x0B,0x48,0x10,0xF8,0x14,0x10,0x01,0x20,
    0x00,0xEB,0x44,0x02,0x08,0x48,0x80,0x5C,0x41,0xEA,0x00,0x20,0x07,0x49,0x08,0x86,
    0x60,0x1C,0xC4,0xB2,0x01,0x2C,0xEF,0xDB,0x05,0x20,0x00,0xF0,0x71,0xFD,0x02,0xE0,
    0x05,0x20,0x02,0xF0,0xCF,0xFB,0x30,0xBD,0x00,0xC1,0x01,0x20,0xE0,0x42,0x10,0x00,
    0x2D,0xE9,0xF0,0x43,0x87,0xB0,0x4F,0xF0,0x00,0x09,0x00,0x24,0x18,0x21,0x01,0xA8,
    0xFD,0xF7,0xBB,0xFF,0x4F,0x48,0x80,0x78,0x01,0x28,0x7D,0xD1,0x00,0xBF,0x8E,0xE0,
    0x4D,0x48,0x10,0xF8,0x09,0x40,0x7F,0xE0,0x4C,0x49,0x51,0xF8,0x24,0x10,0x04,0xEB,
    0xC4,0x02,0x02,0xEB,0x04,0x12,0x4A,0x4B,0x03,0xEB,0x82,0x02,0xB2,0xF9,0x62,0x20,
    0xC1,0xEB,0x82,0x20,0xFE,0xF7,0x0A,0xFA,0x07,0x46,0x00,0x22,0x45,0x4B,0xFE,0xF7,
    0x16,0xF9,0x05,0x46,0xFE,0xF7,0x40,0xFA,0x01,0xA9,0x41,0xF8,0x24,0x00,0x42,0x48,
    0x10,0xF8,0x09,0x00,0x20,0xBB,0x41,0x48,0x10,0xF8,0x09,0x00,0x02,0x28,0x1F,0xDB,
    0x01,0xA8,0x50,0xF8,0x24,0x00,0x42,0xF2,0x10,0x71,0x88,0x42,0x03,0xDD,0x08,0x46,
    0x01,0xA9,0x41,0xF8,0x24,0x00,0x01,0xA8,0x50,0xF8,0x24,0x00,0x38,0x49,0x88,0x42,
    0x03,0xDA,0x08,0x46,0x01,0xA9,0x41,0xF8,0x24,0x00,0x30,0x48,0x50,0xF8,0x24,0x00,
    0x01,0xA9,0x51,0xF8,0x24,0x10,0x01,0x44,0x2C,0x48,0x40,0xF8,0x24,0x10,0x28,0xE0,
    0x2D,0x48,0x10,0xF8,0x09,0x00,0x02,0x28,0x23,0xD1,0x2C,0x48,0x10,0xF8,0x09,0x00,
    0x01,0x28,0x1E,0xDB,0x01,0xA8,0x50,0xF8,0x24,0x00,0x2A,0x49,0x88,0x42,0x03,0xDD,
    0x08,0x46,0x01,0xA9,0x41,0xF8,0x24,0x00,0x01,0xA8,0x50,0xF8,0x24,0x00,0x25,0x49,
    0x49,0x42,0x88,0x42,0x03,0xDA,0x08,0x46,0x01,0xA9,0x41,0xF8,0x24,0x00,0x1B,0x48,
    0x50,0xF8,0x24,0x00,0x01,0xA9,0x51,0xF8,0x24,0x10,0x01,0x44,0x17,0x48,0x40,0xF8,
    0x24,0x10,0x16,0x48,0x50,0xF8,0x24,0x00,0x80,0x12,0x00,0xB2,0x13,0x49,0x18,0x39,
    0x21,0xF8,0x14,0x00,0x08,0x46,0x00,0xE0,0x16,0xE0,0x30,0xF8,0x14,0x10,0x16,0x48,
    0x20,0xF8,0x14,0x10,0x60,0x1C,0xC4,0xB2,0x0B,0x48,0x80,0x1C,0x10,0xF8,0x09,0x00,
    0xA0,0x42,0x3F,0xF7,0x79,0xAF,0x09,0xF1,0x01,0x00,0x00,0xF0,0xFF,0x09,0xB9,0xF1,
    0x01,0x0F,0xFF,0xF6,0x6D,0xAF,0x01,0xE0,0x02,0xF0,0x1C,0xFA,0x07,0xB0,0xBD,0xE8,
    0xF0,0x83,0x00,0x00,0xBE,0x42,0x10,0x00,0xD4,0x42,0x10,0x00,0xDC,0x5B,0x10,0x00,
    0x72,0x58,0x10,0x00,0x00,0x00,0xE0,0x3F,0x3D,0x5C,0x10,0x00,0xC1,0x5B,0x10,0x00,
    0xF0,0xD8,0xFF,0xFF,0xA0,0x86,0x01,0x00,0xC6,0x57,0x10,0x00,0x70,0xB5,0x00,0x24,
    0x01,0x26,0x1E,0x23,0x4F,0xF4,0x7A,0x72,0x04,0x21,0x18,0x48,0x00,0xF0,0x4C,0xFC,
    0x06,0x46,0x36,0xB3,0x00,0xBF,0x1E,0xE0,0x14,0x48,0x10,0xF8,0x24,0x10,0x01,0x20,
    0x00,0xEB,0x84,0x02,0x11,0x48,0x80,0x5C,0x41,0xEA,0x00,0x25,0x10,0x48,0x20,0xF8,
    0x14,0x50,0x02,0x20,0x00,0xEB,0x84,0x01,0x0C,0x48,0x41,0x5C,0x03,0x20,0x00,0xEB,
    0x84,0x02,0x0A,0x48,0x80,0x5C,0x41,0xEA,0x00,0x25,0x09,0x48,0x80,0x1C,0x20,0xF8,
    0x14,0x50,0x60,0x1C,0xC4,0xB2,0x01,0x2C,0xDE,0xDB,0x03,0x20,0x00,0xF0,0x78,0xFC,
    0x02,0xE0,0x03,0x20,0x02,0xF0,0xD6,0xFA,0x70,0xBD,0x00,0x00,0x00,0x5B,0x01,0x20,
    0x5E,0x43,0x10,0x00,0x2D,0xE9,0xFC,0x5F,0x4F,0xF0,0x00,0x0B,0xDA,0x46,0x00,0x20,
    0x01,0x90,0x15,0x48,0x01,0x90,0x15,0x49,0x01,0x98,0xFD,0xF7,0x21,0xFF,0x00,0x90,
    0xFE,0xF7,0x9A,0xF9,0x06,0x46,0x12,0x4A,0x12,0x4B,0xFE,0xF7,0xA2,0xF8,0x04,0x46,
    0x00,0x22,0x11,0x4B,0xFE,0xF7,0x9D,0xF8,0x80,0x46,0xFE,0xF7,0x74,0xF9,0x1F,0xFA,
    0x80,0xFA,0xCA,0xF1,0x00,0x00,0x1F,0xFA,0x80,0xFB,0x0C,0x48,0x80,0xF8,0x00,0xAB,
    0x4F,0xEA,0x2A,0x21,0x00,0xF5,0x30,0x60,0x41,0x70,0x80,0xF8,0x02,0xB0,0x4F,0xEA,
    0x2B,0x21,0xC1,0x70,0xBD,0xE8,0xFC,0x9F,0x00,0x00,0xF4,0x45,0x00,0x40,0x1C,0x46,
    0x72,0x1C,0xC7,0x71,0x1C,0xC7,0x71,0x40,0x00,0x00,0x4E,0x40,0x00,0x10,0x01,0x20,
    0x2D,0xE9,0xF0,0x4F,0xA3,0xB0,0x00,0x24,0xA1,0x46,0x00,0x20,0x20,0x90,0x21,0x90,
    0x22,0x90,0x18,0x21,0x1A,0xA8,0xFD,0xF7,0x80,0xFE,0x18,0x21,0x14,0xA8,0xFD,0xF7,
    0x7C,0xFE,0x18,0x21,0x0E,0xA8,0xFD,0xF7,0x78,0xFE,0x02,0xF0,0x0F,0xF8,0x00,0xBF,
    0xAD,0xE0,0x5F,0x49,0x11,0xF8,0x14,0x10,0x40,0x29,0x05,0xDB,0x5C,0x49,0x11,0xF8,
    0x14,0x10,0xC1,0xF1,0x40,0x01,0x02,0xE0,0x59,0x49,0x11,0xF8,0x14,0x10,0x08,0x46,
    0xFE,0xF7,0xCC,0xF8,0x07,0x46,0x57,0x4A,0x57,0x4B,0xFD,0xF7,0xD8,0xFF,0x05,0x46,
    0xFE,0xF7,0x66,0xF9,0x0E,0xA9,0x41,0xF8,0x24,0x00,0x01,0x21,0x01,0xEB,0x44,0x01,
    0x4F,0x4A,0x51,0x5C,0x80,0x29,0x06,0xDB,0x01,0x21,0x01,0xEB,0x44,0x01,0x51,0x5C,
    0xC1,0xF1,0x80,0x01,0x04,0xE0,0x01,0x21,0x01,0xEB,0x44,0x01,0x48,0x4A,0x51,0x5C,
    0x08,0x46,0xFE,0xF7,0xAB,0xF8,0x07,0x46,0x48,0x4A,0x49,0x4B,0xFD,0xF7,0xB7,0xFF,
    0x05,0x46,0xFE,0xF7,0x45,0xF9,0x14,0xA9,0x41,0xF8,0x24,0x00,0x45,0x49,0x31,0xF9,
    0x14,0x50,0xE9,0x17,0x05,0xEB,0x51,0x51,0xC9,0x12,0x08,0x01,0xFE,0xF7,0x88,0xF8,
    0x1A,0xA9,0x41,0xF8,0x24,0x00,0x14,0xA9,0x51,0xF8,0x24,0x00,0x4F,0xF0,0x7E,0x51,
    0xFD,0xF7,0xB8,0xFE,0x07,0x46,0xFE,0xF7,0xFF,0xF8,0x05,0x46,0x3A,0x4A,0x3B,0x4B,
    0xFD,0xF7,0x95,0xFF,0xCD,0xE9,0x06,0x01,0x0E,0xA9,0x51,0xF8,0x24,0x00,0xFE,0xF7,
    0xF3,0xF8,0x05,0x46,0x00,0x22,0x36,0x4B,0xFD,0xF7,0xFB,0xFF,0x07,0x46,0x4F,0xF0,
    0x33,0x32,0x34,0x4B,0xFD,0xF7,0x83,0xFF,0xCD,0xE9,0x00,0x01,0x1A,0xA9,0x51,0xF8,
    0x24,0x00,0xFE,0xF7,0xE1,0xF8,0x05,0x46,0x2F,0x4A,0x30,0x4B,0xFD,0xF7,0xE9,0xFF,
    0x82,0x46,0xDD,0xE9,0x00,0x23,0xFD,0xF7,0x6C,0xFF,0x00,0x22,0x2C,0x4B,0xCD,0xE9,
    0x02,0x01,0xFD,0xF7,0xDE,0xFF,0xCD,0xE9,0x04,0x01,0xDD,0xE9,0x06,0x23,0xFD,0xF7,
    0x60,0xFF,0x00,0x22,0x27,0x4B,0xCD,0xE9,0x08,0x01,0xFD,0xF7,0xD2,0xFF,0x00,0x22,
    0x25,0x4B,0xCD,0xE9,0x0A,0x01,0xFD,0xF7,0x5A,0xFF,0xCD,0xE9,0x0C,0x01,0xFE,0xF7,
    0x83,0xF8,0x00,0xB2,0x20,0xA9,0x21,0xF8,0x14,0x00,0x20,0xA8,0x10,0xF8,0x14,0x10,
    0x1E,0x48,0x00,0xF8,0x14,0x10,0x20,0xA8,0x30,0xF8,0x14,0x00,0xC0,0xF3,0x07,0x21,
    0x01,0x20,0x00,0xEB,0x44,0x02,0x19,0x48,0x81,0x54,0x60,0x1C,0xC4,0xB2,0x06,0x2C,
    0xFF,0xF6,0x4F,0xAF,0x0C,0x21,0x15,0x48,0x00,0xF0,0x9A,0xF9,0x81,0x46,0x13,0x48,
    0x80,0xF8,0x0C,0x90,0x4F,0xEA,0x29,0x21,0x41,0x73,0x23,0xB0,0xBD,0xE8,0xF0,0x8F,
    0x5E,0x5B,0x10,0x00,0x9A,0x99,0x99,0x99,0x99,0x99,0x99,0x3F,0xB8,0x1E,0x85,0xEB,
    0x51,0xB8,0xAE,0x3F,0xE2,0x57,0x10,0x00,0xCD,0xCC,0xCC,0xCC,0xCC,0xCC,0x04,0x40,
    0x00,0x00,0xE0,0x3F,0x33,0x33,0xF3,0x3F,0x72,0x1C,0xC7,0x71,0x1C,0xC7,0x71,0x40,
    0x00,0x00,0x10,0x40,0x00,0x00,0x2E,0x40,0x00,0x40,0x8F,0x40,0x00,0xC0,0x01,0x20,
    0x70,0x47,0x00,0x00,0x2D,0xE9,0xF0,0x4F,0x91,0xB0,0x4F,0xF0,0x00,0x0A,0xD3,0x46,
    0x00,0xBF,0x00,0xBF,0x00,0x20,0x0E,0x90,0x0A,0xEB,0xCA,0x00,0x00,0xEB,0x0A,0x11,
    0x7E,0x48,0x00,0xEB,0x81,0x00,0xB0,0xF8,0x62,0x10,0x0A,0xEB,0xCA,0x00,0x00,0xEB,
    0x0A,0x12,0x7A,0x48,0x00,0xEB,0x82,0x00,0xB0,0xF8,0x60,0x00,0x08,0x1A,0x00,0xB2,
    0x10,0x90,0x0A,0xEB,0xCA,0x00,0x00,0xEB,0x0A,0x11,0x74,0x48,0x00,0xEB,0x81,0x00,
    0xB0,0xF8,0x62,0x10,0x0A,0xEB,0xCA,0x00,0x00,0xEB,0x0A,0x12,0x6F,0x48,0x00,0xEB,
    0x82,0x00,0xB0,0xF8,0x5E,0x00,0x08,0x1A,0x00,0xB2,0x0F,0x90,0x00,0xBF,0xCC,0xE0,
    0x6B,0x48,0x10,0xF8,0x0A,0xB0,0x26,0xE0,0x0B,0xEB,0xCB,0x00,0x00,0xEB,0x0B,0x10,
    0x68,0x49,0x01,0xEB,0x80,0x00,0xB0,0xF8,0x62,0x00,0x67,0x49,0x31,0xF8,0x1B,0x10,
    0x40,0x1A,0x00,0xB2,0x65,0x49,0x21,0xF8,0x1B,0x00,0x31,0xF9,0x1B,0x00,0xFD,0xF7,
    0x9F,0xFF,0x05,0x46,0x62,0x48,0x50,0xF8,0x2B,0x10,0x28,0x46,0xFD,0xF7,0xA0,0xFD,
    0x04,0x46,0xFD,0xF7,0xB4,0xFF,0x01,0xB2,0x5E,0x48,0x20,0xF8,0x1B,0x10,0x0B,0xF1,
    0x01,0x00,0x00,0xF0,0xFF,0x0B,0x56,0x48,0x80,0x1C,0x10,0xF8,0x0A,0x00,0x58,0x45,
    0xD2,0xDC,0x53,0x48,0x10,0xF8,0x0A,0xB0,0x5E,0xE0,0x55,0x49,0x5C,0x39,0x08,0x8E,
    0xFD,0xF7,0x87,0xFF,0x51,0x49,0x04,0x90,0x31,0xF9,0x1B,0x10,0x00,0x29,0x03,0xDD,
    0x4E,0x49,0x31,0xF9,0x1B,0x10,0x03,0xE0,0x4C,0x49,0x31,0xF9,0x1B,0x10,0x49,0x42,
    0x08,0x46,0xFD,0xF7,0x6D,0xFF,0x4A,0x49,0x5C,0x39,0x02,0x90,0x08,0x8E,0xFD,0xF7,
    0x70,0xFF,0x01,0x90,0x02,0x99,0xFD,0xF7,0x65,0xFD,0x03,0x90,0x04,0x99,0xFD,0xF7,
    0x99,0xFD,0x05,0x90,0xFD,0xF7,0xE0,0xFF,0x80,0x46,0x43,0x4A,0x43,0x4B,0xFD,0xF7,
    0x76,0xFE,0x00,0x22,0x42,0x4B,0xCD,0xE9,0x06,0x01,0xFD,0xF7,0xC9,0xFD,0xCD,0xE9,
    0x0A,0x01,0x3B,0x49,0x51,0xF8,0x2B,0x00,0x3E,0x49,0xFD,0xF7,0x51,0xFD,0x81,0x46,
    0x36,0x49,0x31,0xF9,0x1B,0x00,0xFD,0xF7,0x43,0xFF,0x49,0x46,0x07,0x90,0xFD,0xF7,
    0x47,0xFD,0x80,0x46,0xFD,0xF7,0xC0,0xFF,0xCD,0xE9,0x08,0x01,0xDD,0xE9,0x0A,0x23,
    0xFD,0xF7,0x55,0xFE,0xCD,0xE9,0x0C,0x01,0x0E,0x98,0xFD,0xF7,0xB5,0xFF,0x06,0x46,
    0xDD,0xE9,0x0C,0x23,0xFD,0xF7,0xA4,0xFD,0x04,0x46,0xFD,0xF7,0xD9,0xFF,0x0E,0x90,
    0x0B,0xF1,0x01,0x00,0x00,0xF0,0xFF,0x0B,0x21,0x48,0x80,0x1C,0x10,0xF8,0x0A,0x00,
    0x58,0x45,0x9A,0xDC,0x27,0x49,0x0E,0x98,0xFD,0xF7,0x54,0xFD,0x80,0x46,0xFD,0xF7,
    0x9B,0xFF,0x06,0x46,0x00,0x22,0x24,0x4B,0xFD,0xF7,0x8A,0xFD,0x04,0x46,0xFD,0xF7,
    0x5B,0xFF,0x01,0xB2,0x19,0x48,0x0C,0x30,0x20,0xF8,0x1A,0x10,0x30,0xF9,0x1A,0x00,
    0x05,0x28,0x05,0xDC,0x00,0x21,0x17,0x48,0x52,0x38,0x20,0xF8,0x1A,0x10,0x07,0xE0,
    0x12,0x48,0x0C,0x30,0x30,0xF8,0x1A,0x10,0x12,0x48,0x52,0x38,0x20,0xF8,0x1A,0x10,
    0x10,0x49,0x58,0x31,0x10,0x98,0x21,0xF8,0x1A,0x00,0x89,0x1C,0x0F,0x98,0x21,0xF8,
    0x1A,0x00,0x0A,0xF1,0x01,0x00,0x00,0xF0,0xFF,0x0A,0xBA,0xF1,0x01,0x0F,0xFF,0xF6,
    0x2F,0xAF,0x00,0xF0,0xE7,0xFD,0x11,0xB0,0xBD,0xE8,0xF0,0x8F,0xFA,0x5A,0x10,0x00,
    0xD4,0x42,0x10,0x00,0x72,0x58,0x10,0x00,0xC4,0x5B,0x10,0x00,0xF8,0x5B,0x10,0x00,
    0x3C,0x43,0x10,0x00,0x12,0x58,0x10,0x00,0x7B,0x14,0xAE,0x47,0xE1,0x7A,0x94,0x3F,
    0x00,0x00,0xF0,0x3F,0x00,0x00,0x20,0x41,0x00,0x00,0xE0,0x3F,0x30,0xB5,0x02,0x46,
    0x00,0x21,0x00,0x23,0x21,0x48,0x90,0xF9,0x32,0x00,0x90,0x42,0x03,0xDB,0x1F,0x48,
    0xB0,0xF9,0x38,0x00,0x30,0xBD,0x1D,0x48,0x90,0xF9,0x37,0x00,0x90,0x42,0x03,0xDC,
    0x1A,0x48,0xB0,0xF9,0x42,0x00,0xF5,0xE7,0x00,0x21,0x29,0xE0,0x17,0x48,0x32,0x30,
    0x40,0x56,0x90,0x42,0x22,0xDC,0x15,0x48,0x32,0x30,0x4C,0x1C,0x00,0x57,0x90,0x42,
    0x1C,0xDB,0x12,0x48,0x38,0x30,0x30,0xF9,0x11,0x00,0x10,0x4C,0x32,0x34,0x4D,0x1C,
    0x64,0x57,0xA4,0x1A,0x60,0x43,0x0D,0x4C,0x38,0x34,0x34,0xF9,0x15,0x50,0xA4,0x1F,
    0x64,0x56,0x14,0x1B,0x05,0xFB,0x04,0x03,0x08,0x48,0x32,0x30,0x4C,0x1C,0x04,0x57,
    0x40,0x56,0x20,0x1A,0x93,0xFB,0xF0,0xF0,0x00,0xB2,0xCB,0xE7,0x48,0x1C,0xC1,0xB2,
    0x05,0x29,0xD3,0xDB,0x4F,0xF0,0xFF,0x30,0xC4,0xE7,0x00,0x00,0xE0,0x42,0x10,0x00,
    0x70,0xB5,0x03,0x46,0x00,0x22,0x00,0x24,0x00,0x25,0x08,0x46,0x01,0xEB,0xD0,0x76,
    0x76,0x10,0xA1,0xEB,0x46,0x06,0x0E,0xB1,0x00,0x20,0x70,0xBD,0x00,0x22,0x07,0xE0,
    0x9E,0x5C,0x50,0x1C,0x18,0x5C,0x46,0xEA,0x00,0x20,0x04,0x44,0x90,0x1C,0xC2,0xB2,
    0x8A,0x42,0xF5,0xDB,0x60,0x42,0x85,0xB2,0x28,0x46,0xEE,0xE7,0x00,0xB5,0x00,0xF0,
    0x01,0xF8,0x00,0xBD,0x2D,0xE9,0xF0,0x41,0x00,0x20,0x00,0x21,0x00,0x22,0x00,0x24,
    0x00,0x25,0x00,0x23,0x00,0x26,0x00,0xBF,0xD7,0xE0,0x6E,0x4F,0x17,0xF8,0x00,0xC0,
    0x7F,0x1C,0x07,0xF8,0x00,0xC0,0x00,0x21,0x40,0xE0,0x00,0xEB,0xC0,0x07,0x07,0xEB,
    0x00,0x1C,0x69,0x4F,0x07,0xEB,0x8C,0x07,0xC1,0xF1,0x31,0x0C,0x37,0xF9,0x1C,0xC0,
    0x00,0xEB,0xC0,0x07,0x07,0xEB,0x00,0x18,0x63,0x4F,0x07,0xEB,0x88,0x08,0xC1,0xF1,
    0x2D,0x07,0x38,0xF9,0x17,0x70,0xAC,0xEB,0x07,0x07,0x3C,0x44,0x00,0xEB,0xC0,0x07,
    0x07,0xEB,0x00,0x1C,0x5C,0x4F,0x07,0xEB,0x8C,0x07,0xC1,0xF1,0x31,0x0C,0x37,0xF8,
    0x1C,0xC0,0x00,0xEB,0xC0,0x07,0x07,0xEB,0x00,0x18,0x57,0x4F,0x07,0xEB,0x88,0x08,
    0xC1,0xF1,0x2F,0x07,0x38,0xF8,0x17,0x70,0xAC,0xEB,0x07,0x07,0x3A,0xB2,0x00,0x2A,
    0x01,0xDD,0x17,0x46,0x00,0xE0,0x57,0x42,0x9F,0x42,0x05,0xDD,0x00,0x2A,0x01,0xDD,
    0x17,0x46,0x00,0xE0,0x57,0x42,0xBB,0xB2,0x4F,0x1C,0xF9,0xB2,0x04,0x29,0xBC,0xDB,
    0x47,0xF6,0xFF,0x77,0xBC,0x42,0x01,0xDB,0x3E,0x46,0x05,0xE0,0x00,0x2C,0x01,0xDD,
    0x27,0x46,0x00,0xE0,0x67,0x42,0xBE,0xB2,0x00,0xEB,0xC0,0x07,0x07,0xEB,0x00,0x1C,
    0x41,0x4F,0x07,0xEB,0x8C,0x07,0xB7,0xF9,0x62,0xC0,0x00,0xEB,0xC0,0x07,0x07,0xEB,
    0x00,0x18,0x3D,0x4F,0x07,0xEB,0x88,0x07,0xB7,0xF9,0x5E,0x70,0xAC,0xEB,0x07,0x07,
    0x00,0x2F,0x14,0xDD,0x00,0xEB,0xC0,0x07,0x07,0xEB,0x00,0x1C,0x36,0x4F,0x07,0xEB,
    0x8C,0x07,0xB7,0xF9,0x62,0xC0,0x00,0xEB,0xC0,0x07,0x07,0xEB,0x00,0x18,0x32,0x4F,
    0x07,0xEB,0x88,0x07,0xB7,0xF9,0x5E,0x70,0xAC,0xEB,0x07,0x07,0x13,0xE0,0x00,0xEB,
    0xC0,0x07,0x07,0xEB,0x00,0x1C,0x2C,0x4F,0x07,0xEB,0x8C,0x07,0xB7,0xF9,0x5E,0xC0,
    0x00,0xEB,0xC0,0x07,0x07,0xEB,0x00,0x18,0x27,0x4F,0x07,0xEB,0x88,0x07,0xB7,0xF9,
    0x62,0x70,0xAC,0xEB,0x07,0x07,0xBD,0xB2,0x1E,0x2E,0x09,0xDA,0x0F,0x2D,0x07,0xDA,
    0x0F,0x2B,0x05,0xDA,0x4F,0xF0,0x03,0x0C,0x1E,0x4F,0x07,0xF8,0x00,0xC0,0x1C,0xE0,
    0x3C,0x2E,0x09,0xDA,0x19,0x2D,0x07,0xDA,0x19,0x2B,0x05,0xDA,0x4F,0xF0,0x02,0x0C,
    0x18,0x4F,0x07,0xF8,0x00,0xC0,0x10,0xE0,0xB4,0x2E,0x09,0xDA,0x23,0x2D,0x07,0xDA,
    0x23,0x2B,0x05,0xDA,0x4F,0xF0,0x01,0x0C,0x12,0x4F,0x07,0xF8,0x00,0xC0,0x04,0xE0,
    0x4F,0xF0,0x00,0x0C,0x0F,0x4F,0x07,0xF8,0x00,0xC0,0x0F,0xFA,0x86,0xFC,0x0F,0x4F,
    0x27,0xF8,0x10,0xC0,0x0F,0xFA,0x85,0xFC,0xBF,0x1C,0x27,0xF8,0x10,0xC0,0x0F,0xFA,
    0x83,0xFC,0xBF,0x1C,0x27,0xF8,0x10,0xC0,0x06,0x4F,0x17,0xF8,0x00,0xC0,0x07,0x4F,
    0xBF,0x1D,0x27,0xF8,0x10,0xC0,0x47,0x1C,0xF8,0xB2,0x01,0x28,0xFF,0xF6,0x25,0xAF,
    0xBD,0xE8,0xF0,0x81,0xC1,0x5B,0x10,0x00,0xFA,0x5A,0x10,0x00,0x62,0x58,0x10,0x00,
    0x70,0xB5,0x00,0x24,0x00,0x25,0x10,0x49,0x91,0xF8,0x00,0x1B,0x48,0xB2,0x00,0xF0,
    0x21,0xF8,0x05,0x46,0x00,0xBF,0x0B,0xE0,0x28,0x46,0xFD,0xF7,0x61,0xFD,0x06,0x46,
    0x0A,0x49,0xFD,0xF7,0x97,0xFB,0x0A,0x49,0x41,0xF8,0x24,0x00,0x60,0x1C,0xC4,0xB2,
    0x06,0x2C,0xF1,0xDB,0x04,0x48,0x80,0xF8,0x00,0x5C,0x29,0x0A,0x00,0xF5,0x40,0x60,
    0x41,0x70,0x02,0xF0,0x13,0xFA,0x70,0xBD,0x00,0xB0,0x01,0x20,0x00,0x40,0x1C,0x46,
    0x24,0x43,0x10,0x00,0x10,0xB5,0x04,0x46,0x20,0x46,0xFF,0xF7,0x77,0xFE,0x42,0xF2,
    0x10,0x71,0x48,0x43,0x03,0x49,0xB1,0xF9,0x02,0x10,0x90,0xFB,0xF1,0xF0,0x00,0xB2,
    0x10,0xBD,0x00,0x00,0xD0,0x42,0x10,0x00,0x44,0xF6,0x20,0x60,0x06,0x49,0xC8,0x87,
    0x4B,0xF2,0xE0,0x10,0xA1,0xF8,0x40,0x00,0x00,0x20,0x81,0xF8,0x42,0x00,0x81,0xF8,
    0x43,0x00,0x88,0x87,0x70,0x47,0x00,0x00,0x5E,0x5B,0x10,0x00,0x70,0xB5,0x05,0x46,
    0x0C,0x46,0x00,0x26,0xA0,0x1E,0xC1,0xB2,0x28,0x46,0xFF,0xF7,0x99,0xFE,0x06,0x46,
    0xA0,0x1E,0x29,0x5C,0x60,0x1E,0x28,0x5C,0x41,0xEA,0x00,0x20,0xB0,0x42,0x01,0xD1,
    0x01,0x20,0x70,0xBD,0x00,0x20,0xFC,0xE7,0xF0,0xB5,0x04,0x46,0x0D,0x46,0x00,0x21,
    0x01,0x20,0x00,0xBF,0x11,0xE0,0x67,0x5C,0x4E,0x1C,0xA6,0x5D,0x47,0xEA,0x06,0x26,
    0x9E,0x42,0x06,0xDB,0x67,0x5C,0x4E,0x1C,0xA6,0x5D,0x47,0xEA,0x06,0x26,0x96,0x42,
    0x01,0xDD,0x00,0x20,0x03,0xE0,0x8E,0x1C,0xF1,0xB2,0xA9,0x42,0xEB,0xDB,0x00,0xBF,
    0xF0,0xBD,0x00,0x00,0x06,0x28,0x2B,0xD2,0xDF,0xE8,0x00,0xF0,0x2A,0x03,0x0C,0x15,
    0x1C,0x23,0x15,0x49,0x91,0xF8,0x00,0x15,0x01,0xF0,0xEF,0x02,0x12,0x49,0x81,0xF8,
    0x00,0x25,0x1E,0xE0,0x10,0x49,0x91,0xF8,0x00,0x15,0x01,0xF0,0xFE,0x02,0x0E,0x49,
    0x81,0xF8,0x00,0x25,0x15,0xE0,0x0D,0x49,0x49,0x78,0x01,0xF0,0xEF,0x02,0x0B,0x49,
    0x4A,0x70,0x0E,0xE0,0x09,0x49,0x49,0x78,0x01,0xF0,0xFE,0x02,0x07,0x49,0x4A,0x70,
    0x07,0xE0,0x06,0x49,0x89,0x78,0x01,0xF0,0xEF,0x02,0x04,0x49,0x8A,0x70,0x00,0xE0,
    0x00,0xBF,0x00,0xBF,0x70,0x47,0x00,0x00,0x00,0xB0,0x01,0x20,0x00,0xB5,0x01,0x20,
    0x06,0x28,0x2B,0xD2,0xDF,0xE8,0x00,0xF0,0x2A,0x03,0x0C,0x15,0x1C,0x23,0x15,0x49,
    0x91,0xF8,0x00,0x16,0x01,0xF0,0xEF,0x02,0x12,0x49,0x81,0xF8,0x00,0x26,0x1E,0xE0,
    0x10,0x49,0x91,0xF8,0x00,0x16,0x01,0xF0,0xFE,0x02,0x0E,0x49,0x81,0xF8,0x00,0x26,
    0x15,0xE0,0x0D,0x49,0x49,0x78,0x01,0xF0,0xEF,0x02,0x0B,0x49,0x4A,0x70,0x0E,0xE0,
    0x09,0x49,0x49,0x78,0x01,0xF0,0xFE,0x02,0x07,0x49,0x4A,0x70,0x07,0xE0,0x06,0x49,
    0x89,0x78,0x01,0xF0,0xEF,0x02,0x04,0x49,0x8A,0x70,0x00,0xE0,0x00,0xBF,0x00,0xBF,
    0x70,0x47,0x00,0x00,0x00,0xB0,0x01,0x20,0x00,0xB6,0x01,0x20,0x06,0x28,0x2B,0xD2,
    0xDF,0xE8,0x00,0xF0,0x2A,0x03,0x0C,0x15,0x1C,0x23,0x15,0x49,0x91,0xF8,0x00,0x15,
    0x01,0xF0,0x7F,0x02,0x12,0x49,0x81,0xF8,0x00,0x25,0x1E,0xE0,0x10,0x49,0x91,0xF8,
    0x00,0x15,0x01,0xF0,0xF7,0x02,0x0E,0x49,0x81,0xF8,0x00,0x25,0x15,0xE0,0x0D,0x49,
    0x49,0x78,0x01,0xF0,0x7F,0x02,0x0B,0x49,0x4A,0x70,0x0E,0xE0,0x09,0x49,0x49,0x78,
    0x01,0xF0,0xF7,0x02,0x07,0x49,0x4A,0x70,0x07,0xE0,0x06,0x49,0x89,0x78,0x01,0xF0,
    0x7F,0x02,0x04,0x49,0x8A,0x70,0x00,0xE0,0x00,0xBF,0x00,0xBF,0x70,0x47,0x00,0x00,
    0x00,0xB0,0x01,0x20,0x00,0xB5,0x01,0x20,0x30,0xB1,0x01,0x28,0x09,0xD0,0x02,0x28,
    0x0D,0xD0,0x03,0x28,0x17,0xD1,0x10,0xE0,0x0C,0x49,0x0D,0x4A,0x52,0x78,0x0A,0x70,
    0x12,0xE0,0x0C,0x49,0x0A,0x4A,0x92,0xF8,0x03,0x21,0x0A,0x70,0x0C,0xE0,0x0A,0x49,
    0x07,0x4A,0x92,0xF8,0x05,0x22,0x0A,0x70,0x06,0xE0,0x08,0x49,0x04,0x4A,0x92,0xF8,
    0x07,0x23,0x0A,0x70,0x00,0xE0,0x00,0xBF,0x00,0xBF,0x70,0x47,0x00,0xED,0x01,0x20,
    0xAC,0x53,0x10,0x00,0x00,0xF2,0x01,0x20,0x00,0xF7,0x01,0x20,0x00,0xFC,0x01,0x20,
    0x07,0x48,0xC0,0x8C,0x06,0x49,0xC8,0x85,0x08,0x46,0x01,0x8D,0x01,0x86,0x41,0x8D,
    0x41,0x86,0x41,0x8C,0x81,0x86,0x81,0x8C,0xC1,0x86,0x81,0x8D,0x01,0x87,0x70,0x47,
    0xB4,0x57,0x10,0x00,0x10,0xB5,0xFF,0xF7,0xA9,0xFD,0x01,0xF0,0xF3,0xF9,0xFF,0xF7,
    0x19,0xFC,0xFF,0xF7,0xE5,0xF9,0x01,0xF0,0xF7,0xF8,0x00,0xF0,0x79,0xF8,0x03,0x48,
    0x00,0x79,0x08,0xB9,0x00,0xF0,0x2A,0xF9,0x10,0xBD,0x00,0x00,0xBE,0x42,0x10,0x00,
    0x2D,0xE9,0xF0,0x41,0x00,0x24,0x01,0x26,0x4F,0xF4,0xFA,0x73,0x4E,0xF6,0x60,0x22,
    0x0C,0x21,0x15,0x48,0xFF,0xF7,0xE0,0xFE,0x06,0x46,0xFE,0xB1,0x00,0xBF,0x15,0xE0,
    0x11,0x48,0x10,0xF8,0x14,0x10,0x01,0x20,0x00,0xEB,0x44,0x02,0x0E,0x48,0x80,0x5C,
    0x41,0xEA,0x00,0x25,0x28,0x46,0xFD,0xF7,0xE4,0xFB,0x07,0x46,0x0B,0x49,0xFD,0xF7,
    0x11,0xFA,0x0B,0x49,0x41,0xF8,0x24,0x00,0x60,0x1C,0xC4,0xB2,0x06,0x2C,0xE7,0xDB,
    0x02,0x20,0xFF,0xF7,0x15,0xFF,0x02,0xF0,0x91,0xF8,0x02,0xE0,0x02,0x20,0x01,0xF0,
    0x71,0xFD,0xBD,0xE8,0xF0,0x81,0x00,0x00,0x00,0x23,0x01,0x20,0x00,0x40,0x1C,0x46,
    0xE0,0x42,0x10,0x00,0x00,0xB5,0x87,0xB0,0x05,0x20,0x06,0x90,0x01,0x22,0x06,0xA9,
    0x15,0x20,0xFE,0xF7,0x62,0xF9,0x1C,0x20,0x05,0x90,0x01,0x22,0x05,0xA9,0x13,0x20,
    0xFE,0xF7,0x5B,0xF9,0x03,0x20,0x04,0x90,0x01,0x22,0x04,0xA9,0x14,0x20,0xFE,0xF7,
    0x54,0xF9,0x13,0x20,0x03,0x90,0x01,0x22,0x03,0xA9,0x28,0x20,0xFE,0xF7,0x4D,0xF9,
    0x66,0x20,0x02,0x90,0x01,0x22,0x02,0xA9,0x2B,0x20,0xFE,0xF7,0x46,0xF9,0xA4,0x20,
    0x01,0x90,0x01,0x22,0x01,0xA9,0x31,0x20,0xFE,0xF7,0x3F,0xF9,0x01,0x20,0x00,0x90,
    0x01,0x22,0x69,0x46,0x08,0x20,0xFE,0xF7,0x38,0xF9,0x07,0xB0,0x00,0xBD,0x00,0x00,
    0x10,0xB5,0x1B,0x48,0xB0,0xF9,0x0C,0x00,0x1A,0x49,0xB1,0xF8,0x80,0x10,0x88,0x42,
    0x11,0xDD,0x17,0x48,0xB0,0xF9,0x0C,0x00,0x16,0x49,0xB1,0xF8,0x7E,0x10,0x88,0x42,
    0x12,0xDD,0x15,0x48,0x00,0x79,0x10,0xB9,0x02,0x20,0xFE,0xF7,0xF7,0xF9,0xFF,0x21,
    0x12,0x48,0x41,0x70,0x08,0xE0,0x10,0x48,0x00,0x79,0x10,0xB9,0x02,0x20,0xFE,0xF7,
    0x81,0xFA,0xFE,0x21,0x0D,0x48,0x41,0x70,0x0B,0x48,0x80,0x79,0x01,0x28,0x02,0xD1,
    0xFE,0x21,0x0A,0x48,0x41,0x70,0x09,0x48,0x41,0x78,0xA0,0xF5,0x00,0x60,0x90,0xF8,
    0x00,0x08,0x41,0xEA,0x00,0x20,0x00,0xB2,0x01,0x49,0xC8,0x81,0x10,0xBD,0x00,0x00,
    0xB4,0x57,0x10,0x00,0xE0,0x42,0x10,0x00,0xBE,0x42,0x10,0x00,0x00,0xC8,0x01,0x20,
    0x10,0xB5,0x01,0x22,0x00,0x21,0x08,0x46,0xFE,0xF7,0x6A,0xFA,0x08,0x4B,0x01,0x22,
    0x00,0x21,0x08,0x46,0xFE,0xF7,0x8E,0xFA,0x01,0x22,0x11,0x46,0x10,0x46,0xFE,0xF7,
    0x5F,0xFA,0x01,0x22,0x11,0x46,0x02,0x20,0xFE,0xF7,0x5A,0xFA,0x10,0xBD,0x00,0x00,
    0x31,0x4A,0x00,0x00,0x01,0x46,0x00,0x20,0x01,0x22,0x02,0xEB,0x41,0x02,0x12,0x4B,
    0x98,0x5C,0x12,0x4A,0x32,0xF9,0x11,0x20,0xB3,0xF9,0x3E,0x30,0x9A,0x42,0x0A,0xDD,
    0x80,0x28,0x02,0xDB,0x42,0x1C,0xD0,0xB2,0x0F,0xE0,0x08,0xB9,0x81,0x20,0x0C,0xE0,
    0x42,0x1E,0xD0,0xB2,0x09,0xE0,0x80,0x28,0x05,0xDB,0x01,0xD1,0x01,0x20,0x04,0xE0,
    0x42,0x1E,0xD0,0xB2,0x01,0xE0,0x42,0x1C,0xD0,0xB2,0x01,0x22,0x02,0xEB,0x41,0x02,
    0x01,0x4B,0x98,0x54,0x70,0x47,0x00,0x00,0x5E,0x5B,0x10,0x00,0xE2,0x57,0x10,0x00,
    0x10,0xB5,0x02,0x46,0x00,0x20,0x00,0x21,0x12,0x4B,0x33,0xF9,0x12,0x30,0x40,0xF6,
    0x98,0x04,0x93,0xFB,0xF4,0xF3,0x59,0xB2,0x0F,0x4B,0x13,0xF8,0x12,0x00,0x40,0x28,
    0x0A,0xDB,0x43,0x18,0x40,0x2B,0x02,0xDD,0x43,0x18,0xD8,0xB2,0x0D,0xE0,0x43,0x18,
    0xC3,0xF1,0x40,0x03,0xD8,0xB2,0x08,0xE0,0x43,0x1A,0x02,0xD4,0x43,0x1A,0xD8,0xB2,
    0x03,0xE0,0x43,0x1A,0xC3,0xF1,0x40,0x03,0xD8,0xB2,0x03,0x4B,0x03,0xF8,0x12,0x00,
    0x10,0xBD,0x00,0x00,0xE2,0x57,0x10,0x00,0x5E,0x5B,0x10,0x00,0x70,0xB5,0x00,0x24,
    0x00,0x25,0x00,0xBF,0x74,0xE0,0x3C,0x48,0x00,0x5D,0x03,0x28,0x6E,0xD1,0x3B,0x48,
    0x00,0x5D,0x00,0x28,0x6A,0xD1,0x3A,0x48,0x90,0xF8,0x42,0x00,0xE8,0xB9,0x00,0x25,
    0x18,0xE0,0x38,0x48,0x30,0xF9,0x15,0x00,0x35,0x49,0xB1,0xF9,0x3E,0x10,0x88,0x42,
    0x07,0xDC,0x34,0x48,0x30,0xF9,0x15,0x00,0x31,0x49,0xB1,0xF9,0x40,0x10,0x88,0x42,
    0x06,0xDA,0x01,0xF0,0x3D,0xF8,0x01,0x20,0x2D,0x49,0x81,0xF8,0x42,0x00,0x03,0xE0,
    0x68,0x1C,0xC5,0xB2,0x06,0x2D,0xE4,0xDB,0x48,0xE0,0x00,0x20,0x28,0x49,0x81,0xF8,
    0x42,0x00,0x25,0x48,0x40,0x1C,0x00,0x5D,0x03,0x28,0x3F,0xD1,0x08,0x46,0x80,0x8F,
    0x40,0x1C,0x00,0xB2,0x88,0x87,0x08,0x46,0xB0,0xF9,0x3C,0x00,0xB0,0xF5,0xFA,0x4F,
    0x01,0xDD,0x00,0x20,0x88,0x87,0x1E,0x48,0x81,0x8F,0x1E,0x48,0x8C,0x30,0x20,0xF8,
    0x14,0x10,0x1B,0x48,0x90,0xF8,0x43,0x00,0x00,0xBB,0x00,0x25,0x0E,0xE0,0x18,0x48,
    0x18,0x30,0x30,0xF8,0x15,0x10,0x0C,0x30,0x30,0xF8,0x15,0x00,0x08,0x44,0x01,0xB2,
    0x13,0x48,0x18,0x30,0x20,0xF8,0x15,0x10,0x68,0x1C,0xC5,0xB2,0x06,0x2D,0xEE,0xDB,
    0x00,0x24,0x06,0xE0,0x0E,0x48,0x0C,0x30,0x00,0x5D,0x0D,0x49,0x08,0x55,0x60,0x1C,
    0xC4,0xB2,0x0C,0x2C,0xF6,0xDB,0x02,0xF0,0x45,0xF8,0x07,0xE0,0x00,0x20,0x08,0x49,
    0x81,0xF8,0x43,0x00,0x01,0xF0,0x3E,0xFB,0x01,0xF0,0xFC,0xFA,0x60,0x1C,0xC4,0xB2,
    0x01,0x2C,0x88,0xDB,0x70,0xBD,0x00,0x00,0xC1,0x5B,0x10,0x00,0x3D,0x5C,0x10,0x00,
    0x5E,0x5B,0x10,0x00,0xE2,0x57,0x10,0x00,0x10,0xB5,0x00,0x21,0x00,0x22,0x1D,0x4B,
    0x13,0xF8,0x10,0x20,0x40,0x2A,0x1A,0xDB,0x4C,0x2A,0x32,0xDB,0x01,0x23,0x03,0xEB,
    0x40,0x03,0x18,0x4C,0xE1,0x5C,0x80,0x29,0x02,0xDB,0x4B,0x1C,0xD9,0xB2,0x04,0xE0,
    0x09,0xB9,0x81,0x21,0x01,0xE0,0x4B,0x1E,0xD9,0xB2,0xA2,0xF1,0x0C,0x03,0x11,0x4C,
    0x04,0xF8,0x10,0x30,0x01,0x23,0x03,0xEB,0x40,0x03,0xE1,0x54,0x19,0xE0,0x0C,0x2A,
    0x17,0xDB,0x01,0x23,0x03,0xEB,0x40,0x03,0x0A,0x4C,0xE1,0x5C,0x80,0x29,0x05,0xDB,
    0x01,0xD1,0x01,0x21,0x04,0xE0,0x4B,0x1E,0xD9,0xB2,0x01,0xE0,0x4B,0x1C,0xD9,0xB2,
    0xA2,0xF1,0x0C,0x03,0x03,0x4C,0x04,0xF8,0x10,0x30,0x01,0x23,0x03,0xEB,0x40,0x03,
    0xE1,0x54,0x10,0xBD,0x5E,0x5B,0x10,0x00,0x30,0xB1,0x01,0x28,0x09,0xD0,0x02,0x28,
    0x0D,0xD0,0x03,0x28,0x17,0xD1,0x10,0xE0,0x0C,0x4A,0x0D,0x49,0x09,0x78,0x11,0x70,
    0x12,0xE0,0x0A,0x49,0x0B,0x4A,0x12,0x78,0x81,0xF8,0x02,0x21,0x0C,0xE0,0x07,0x49,
    0x09,0x4A,0x12,0x78,0x81,0xF8,0x04,0x22,0x06,0xE0,0x04,0x49,0x07,0x4A,0x12,0x78,
    0x81,0xF8,0x06,0x23,0x00,0xE0,0x00,0xBF,0x00,0xBF,0x70,0x47,0xAC,0x53,0x10,0x00,
    0x00,0xEC,0x01,0x20,0x00,0xF1,0x01,0x20,0x00,0xF6,0x01,0x20,0x00,0xFB,0x01,0x20,
    0x30,0xB1,0x01,0x28,0x09,0xD0,0x02,0x28,0x0D,0xD0,0x03,0x28,0x17,0xD1,0x10,0xE0,
    0x0C,0x4A,0x0D,0x49,0x09,0x78,0x51,0x70,0x12,0xE0,0x0A,0x49,0x0B,0x4A,0x12,0x78,
    0x81,0xF8,0x03,0x21,0x0C,0xE0,0x07,0x49,0x09,0x4A,0x12,0x78,0x81,0xF8,0x05,0x22,
    0x06,0xE0,0x04,0x49,0x07,0x4A,0x12,0x78,0x81,0xF8,0x07,0x23,0x00,0xE0,0x00,0xBF,
    0x00,0xBF,0x70,0x47,0xAC,0x53,0x10,0x00,0x00,0xED,0x01,0x20,0x00,0xF2,0x01,0x20,
    0x00,0xF7,0x01,0x20,0x00,0xFC,0x01,0x20,0x10,0xB5,0x00,0x24,0x00,0xBF,0x3C,0xE0,
    0x20,0x46,0xFF,0xF7,0xA1,0xFF,0x04,0xEB,0xC4,0x10,0x1D,0x49,0x11,0xF8,0x10,0x00,
    0x50,0x28,0x22,0xD0,0x06,0xDC,0x10,0x28,0x09,0xD0,0x20,0x28,0x10,0xD0,0x40,0x28,
    0x27,0xD1,0x16,0xE0,0xC0,0x28,0x1C,0xD0,0xC1,0x28,0x22,0xD1,0x1D,0xE0,0x04,0xEB,
    0xC4,0x10,0x13,0x4A,0x12,0xF8,0x10,0x10,0x20,0x46,0x00,0xF0,0x89,0xFD,0x19,0xE0,
    0x04,0xEB,0xC4,0x10,0x0E,0x4A,0x12,0xF8,0x10,0x10,0x20,0x46,0x00,0xF0,0x80,0xFD,
    0x10,0xE0,0x20,0x46,0x00,0xF0,0x56,0xFC,0x0C,0xE0,0x20,0x46,0x00,0xF0,0xF8,0xFC,
    0x08,0xE0,0x20,0x46,0x00,0xF0,0xF4,0xFD,0x04,0xE0,0x20,0x46,0x00,0xF0,0xE0,0xFB,
    0x00,0xE0,0x00,0xBF,0x00,0xBF,0x60,0x1C,0xC4,0xB2,0x04,0x2C,0xC0,0xDB,0x10,0xBD,
    0xAC,0x53,0x10,0x00,0x10,0xB5,0x28,0x20,0x0C,0x49,0x08,0x82,0x1E,0x20,0x48,0x82,
    0x96,0x20,0x0B,0x49,0xA1,0xF8,0x7E,0x00,0x64,0x20,0xA1,0xF8,0x80,0x00,0x00,0x20,
    0x08,0x49,0x08,0x71,0x08,0x48,0x90,0xF8,0x00,0x05,0x00,0xF0,0xEF,0x01,0x06,0x48,
    0x80,0xF8,0x00,0x15,0x01,0x20,0xFE,0xF7,0x6D,0xF8,0x10,0xBD,0xF8,0x5B,0x10,0x00,
    0xE0,0x42,0x10,0x00,0xBE,0x42,0x10,0x00,0x00,0x50,0x01,0x20,0x10,0xB5,0x00,0x24,
    0x01,0x20,0xFD,0xF7,0xCB,0xFF,0x00,0xBF,0x00,0xE0,0x64,0x1C,0x1C,0x48,0x84,0x42,
    0xFB,0xD3,0x3C,0x20,0x1B,0x49,0x08,0x82,0x32,0x20,0x48,0x82,0x78,0x20,0x1A,0x49,
    0xA1,0xF8,0x7E,0x00,0x46,0x20,0xA1,0xF8,0x80,0x00,0xFD,0xF7,0x5F,0xFE,0x01,0xF0,
    0x53,0xFB,0x01,0xF0,0x43,0xFB,0x00,0xBF,0x00,0xF0,0x5A,0xF8,0x00,0xF0,0x36,0xF8,
    0x12,0x48,0x00,0x78,0x00,0x28,0xF7,0xD0,0x01,0xF0,0x04,0xFA,0x01,0xF0,0xC2,0xF9,
    0x00,0x24,0x04,0xE0,0x00,0x21,0x0B,0x48,0x45,0x30,0x01,0x55,0x64,0x1C,0x00,0x2C,
    0xF8,0xD0,0x01,0x20,0x09,0x49,0x08,0x71,0x09,0x48,0x90,0xF8,0x00,0x05,0x40,0xF0,
    0x10,0x01,0x07,0x48,0x80,0xF8,0x00,0x15,0x01,0x20,0x04,0x49,0x88,0x71,0x10,0xBD,
    0xA0,0x86,0x01,0x00,0xF8,0x5B,0x10,0x00,0xE0,0x42,0x10,0x00,0xBE,0x42,0x10,0x00,
    0x00,0x50,0x01,0x20,0x10,0xB5,0x01,0xF0,0x39,0xFB,0x10,0xBD,0x28,0x20,0x02,0x49,
    0x08,0x82,0x1E,0x20,0x48,0x82,0x70,0x47,0xF8,0x5B,0x10,0x00,0x10,0xB5,0x0C,0x48,
    0x00,0x78,0x00,0xF0,0x02,0x00,0x90,0xB1,0x00,0x20,0x0A,0x49,0x08,0x70,0x0A,0x48,
    0xFD,0xF7,0x78,0xFE,0xFF,0xF7,0xC4,0xFC,0x01,0x20,0x08,0x49,0x08,0x70,0x72,0xB6,
    0x03,0x48,0x00,0x68,0x20,0xF0,0x02,0x00,0x01,0x49,0x08,0x60,0x62,0xB6,0x10,0xBD,
    0x10,0x41,0x10,0x00,0x14,0x41,0x10,0x00,0xD6,0x57,0x10,0x00,0xBE,0x42,0x10,0x00,
    0x10,0xB5,0x06,0x48,0x00,0x78,0x40,0xB9,0x05,0x48,0x00,0x78,0x28,0xB9,0x05,0x48,
    0xFD,0xF7,0x2E,0xFE,0x01,0x20,0x02,0x49,0x08,0x70,0x10,0xBD,0xBE,0x42,0x10,0x00,
    0x14,0x41,0x10,0x00,0xF9,0x1C,0x00,0x00,0x10,0xB5,0x09,0x48,0x00,0x78,0x00,0xF0,
    0x01,0x00,0x60,0xB1,0x07,0x49,0x08,0x88,0x07,0x49,0xFE,0xF7,0xE7,0xF9,0x72,0xB6,
    0x03,0x48,0x00,0x68,0x20,0xF0,0x01,0x00,0x01,0x49,0x08,0x60,0x62,0xB6,0x10,0xBD,
    0x10,0x41,0x10,0x00,0xBC,0x42,0x10,0x00,0x0D,0x1D,0x00,0x00,0x10,0xB5,0x00,0x24,
    0x24,0xE0,0x14,0x48,0x00,0x5D,0xE0,0xB1,0x00,0x20,0xFD,0xF7,0x59,0xFF,0x01,0x28,
    0x17,0xD1,0x11,0x48,0x00,0x88,0x64,0x21,0x90,0xFB,0xF1,0xF0,0x0F,0x49,0x09,0x88,
    0x08,0x44,0x0E,0x49,0x08,0x80,0x08,0x46,0x00,0x88,0xB0,0xF5,0x7A,0x7F,0x0B,0xDB,
    0x00,0x21,0x08,0x48,0x01,0x55,0x37,0x38,0x20,0xF8,0x14,0x10,0x01,0xF0,0x22,0xF9,
    0x02,0xE0,0x00,0x20,0x05,0x49,0x08,0x80,0x60,0x1C,0xC4,0xB2,0x01,0x2C,0xD8,0xDB,
    0x10,0xBD,0x00,0x00,0x3D,0x5C,0x10,0x00,0xBC,0x42,0x10,0x00,0xCC,0x42,0x10,0x00,
    0x10,0xB5,0x01,0xF0,0x6F,0xFC,0x01,0xF0,0xC1,0xFB,0x01,0xF0,0xB1,0xFC,0x10,0xBD,
    0x10,0xB5,0x04,0x46,0x34,0xB1,0x01,0x2C,0x0B,0xD0,0x02,0x2C,0x10,0xD0,0x03,0x2C,
    0x1C,0xD1,0x14,0xE0,0x4F,0xF4,0x80,0x72,0x0E,0x49,0x0F,0x48,0xFC,0xF7,0xE4,0xFD,
    0x15,0xE0,0x4F,0xF4,0x80,0x72,0x0D,0x49,0x0D,0x48,0xFC,0xF7,0xDD,0xFD,0x0E,0xE0,
    0x4F,0xF4,0x80,0x72,0x0B,0x49,0x0C,0x48,0xFC,0xF7,0xD6,0xFD,0x07,0xE0,0x4F,0xF4,
    0x80,0x72,0x0A,0x49,0x0A,0x48,0xFC,0xF7,0xCF,0xFD,0x00,0xE0,0x00,0xBF,0x00,0xBF,
    0x10,0xBD,0x00,0x00,0xAE,0x53,0x10,0x00,0x00,0xEE,0x01,0x20,0xB0,0x54,0x10,0x00,
    0x00,0xF3,0x01,0x20,0xB2,0x55,0x10,0x00,0x00,0xF8,0x01,0x20,0xB4,0x56,0x10,0x00,
    0x00,0xFD,0x01,0x20,0x02,0x20,0xFD,0xF7,0x8F,0xFA,0xFD,0xF7,0xDD,0xFA,0xFD,0xF7,
    0x2B,0xFE,0xFE,0xF7,0x9D,0xF8,0xFE,0xF7,0x63,0xF8,0x23,0x48,0xFD,0xF7,0x12,0xFA,
    0x00,0xF0,0x54,0xF8,0x00,0xF0,0xBC,0xF8,0x00,0x20,0x20,0x49,0x08,0x60,0x20,0x49,
    0x08,0x70,0x20,0x49,0x08,0x70,0x20,0x49,0x08,0x88,0x20,0x49,0xFE,0xF7,0x46,0xF9,
    0xFE,0xF7,0x84,0xFD,0x98,0xB1,0x1E,0x48,0x80,0x8F,0xEF,0x30,0x00,0xB2,0x1C,0x49,
    0x88,0x87,0x08,0x46,0x80,0x8F,0x1B,0x49,0xA1,0xF8,0xBA,0x00,0x1A,0x48,0x90,0xF8,
    0x00,0x05,0x40,0xF0,0x01,0x01,0x18,0x48,0x80,0xF8,0x00,0x15,0x07,0xE0,0x16,0x48,
    0x90,0xF8,0x00,0x05,0x00,0xF0,0xFE,0x01,0x13,0x48,0x80,0xF8,0x00,0x15,0xFE,0xF7,
    0x79,0xFD,0x0F,0xE0,0xFE,0xF7,0x7C,0xFD,0xFF,0xF7,0x1A,0xFF,0xFF,0xF7,0xF6,0xFE,
    0x00,0xF0,0x10,0xFA,0xFF,0xF7,0x28,0xFF,0xFE,0xF7,0x82,0xFD,0xFD,0xF7,0xF8,0xF9,
    0xFD,0xF7,0x08,0xFA,0xEE,0xE7,0x00,0x00,0x8D,0x09,0x00,0x00,0x10,0x41,0x10,0x00,
    0x14,0x41,0x10,0x00,0xBE,0x42,0x10,0x00,0xBC,0x42,0x10,0x00,0x0D,0x1D,0x00,0x00,
    0x5E,0x5B,0x10,0x00,0xB4,0x57,0x10,0x00,0x00,0x50,0x01,0x20,0x10,0xB5,0xFF,0xF7,
    0x93,0xFA,0xFF,0xF7,0xCB,0xFE,0x00,0x20,0x2A,0x49,0x08,0x70,0x48,0x70,0x88,0x70,
    0xC8,0x70,0x08,0x71,0x48,0x71,0x88,0x71,0x27,0x49,0x08,0x80,0x48,0x80,0x27,0x49,
    0x08,0x80,0x27,0x48,0x27,0x49,0x48,0x60,0x0C,0x30,0xC8,0x60,0x80,0x1C,0x48,0x61,
    0x80,0x1C,0xC8,0x61,0x80,0x1C,0x48,0x62,0x0C,0x30,0xC8,0x62,0x80,0x1C,0x48,0x63,
    0x0E,0x30,0xC8,0x63,0x18,0x30,0x48,0x64,0x0C,0x30,0xC8,0x64,0x48,0x65,0x0C,0x30,
    0xC8,0x65,0x0C,0x30,0x48,0x66,0x0C,0x30,0xC8,0x66,0x80,0x1C,0x48,0x67,0x0A,0x30,
    0xC8,0x67,0x80,0x1C,0xC1,0xF8,0x84,0x00,0x80,0x1C,0xC1,0xF8,0x8C,0x00,0x80,0x1C,
    0xC1,0xF8,0x94,0x00,0x80,0x1C,0xC1,0xF8,0x9C,0x00,0x0C,0x30,0xC1,0xF8,0xA4,0x00,
    0x18,0x30,0xC1,0xF8,0xAC,0x00,0x80,0x1C,0xC1,0xF8,0xB4,0x00,0x80,0x1C,0xC1,0xF8,
    0xBC,0x00,0x80,0x1C,0xC1,0xF8,0xC4,0x00,0x80,0x1C,0xC1,0xF8,0xCC,0x00,0x80,0x1C,
    0xC1,0xF8,0xD4,0x00,0x80,0x1C,0xC1,0xF8,0xDC,0x00,0x80,0x1C,0xC1,0xF8,0xE4,0x00,
    0x10,0xBD,0x00,0x00,0xBE,0x42,0x10,0x00,0xC6,0x42,0x10,0x00,0xCA,0x42,0x10,0x00,
    0xB4,0x57,0x10,0x00,0x7C,0x41,0x10,0x00,0x10,0xB5,0xFF,0xF7,0x53,0xFB,0x10,0xBD,
    0x2D,0xE9,0xF0,0x41,0x00,0x24,0x00,0x25,0x00,0x26,0xFF,0xF7,0x11,0xFC,0x00,0xF0,
    0x95,0xFE,0xFE,0xF7,0x2F,0xFE,0x00,0xBF,0x0A,0xE0,0xFF,0x21,0xAF,0x48,0x01,0x55,
    0xA0,0xF5,0x80,0x70,0x01,0x55,0x00,0xF5,0x98,0x50,0x01,0x55,0x60,0x1C,0xC4,0xB2,
    0x03,0x2C,0xF2,0xDB,0xFF,0x21,0xAA,0x48,0x80,0xF8,0x00,0x15,0xFF,0xF7,0xD2,0xFD,
    0x01,0x21,0xA8,0x48,0x80,0xF8,0x00,0x12,0xFF,0x21,0x00,0xF5,0x00,0x70,0x41,0x70,
    0x00,0xF0,0x96,0xFF,0xA4,0x48,0x90,0xF8,0x00,0x05,0xC0,0xF3,0x00,0x10,0x00,0x28,
    0x33,0xD0,0x01,0x20,0x01,0xF0,0x0C,0xF9,0x00,0x24,0x1E,0xE0,0x9F,0x49,0x51,0xF8,
    0x24,0x00,0x9F,0x49,0xFC,0xF7,0x2C,0xFD,0x07,0x46,0xFC,0xF7,0x59,0xFF,0xC1,0xB2,
    0x9C,0x48,0x00,0xF8,0x14,0x10,0x99,0x49,0x51,0xF8,0x24,0x00,0x98,0x49,0xFC,0xF7,
    0x1F,0xFD,0x07,0x46,0xFC,0xF7,0x4C,0xFF,0xC0,0xF3,0x07,0x21,0x01,0x20,0x00,0xEB,
    0x44,0x02,0x94,0x48,0x81,0x54,0x60,0x1C,0xC4,0xB2,0x06,0x2C,0xDE,0xDB,0x0C,0x21,
    0x90,0x48,0xFF,0xF7,0x85,0xF8,0x05,0x46,0x8E,0x48,0x05,0x73,0x29,0x12,0x41,0x73,
    0x01,0xF0,0x66,0xFD,0x00,0xF0,0x5C,0xFF,0x02,0xE0,0x01,0x20,0xFF,0xF7,0x76,0xFA,
    0x00,0xF0,0x48,0xFE,0x88,0x48,0x80,0x78,0xC0,0xF3,0x00,0x10,0x30,0xB3,0x05,0x20,
    0x01,0xF0,0xCE,0xF8,0x00,0x24,0x11,0xE0,0x80,0x48,0x18,0x38,0x90,0xF8,0x30,0x10,
    0x82,0x48,0x00,0xF8,0x14,0x10,0x7D,0x48,0x18,0x38,0x00,0x8E,0x01,0x12,0x01,0x20,
    0x00,0xEB,0x44,0x02,0x7D,0x48,0x81,0x54,0x60,0x1C,0xC4,0xB2,0x01,0x2C,0xEB,0xDB,
    0x02,0x21,0x7A,0x48,0xFF,0xF7,0x54,0xF8,0x05,0x46,0x78,0x48,0x85,0x70,0x29,0x12,
    0xC1,0x70,0x01,0xF0,0xB3,0xFB,0x00,0xF0,0x1D,0xFE,0x02,0xE0,0x05,0x20,0xFF,0xF7,
    0x45,0xFA,0x00,0xF0,0x9B,0xFE,0x6C,0x48,0x90,0xF8,0x00,0x05,0x00,0xF0,0x01,0x00,
    0xA8,0xB3,0x02,0x20,0x01,0xF0,0x9C,0xF8,0x00,0x24,0x20,0xE0,0x67,0x49,0x18,0x39,
    0x51,0xF8,0x24,0x00,0x6A,0x49,0xFC,0xF7,0xBB,0xFC,0x07,0x46,0xFC,0xF7,0xE8,0xFE,
    0xC1,0xB2,0x68,0x48,0x00,0xF8,0x14,0x10,0x60,0x49,0x18,0x39,0x51,0xF8,0x24,0x00,
    0x63,0x49,0xFC,0xF7,0xAD,0xFC,0x07,0x46,0xFC,0xF7,0xDA,0xFE,0xC0,0xF3,0x07,0x21,
    0x01,0x20,0x00,0xEB,0x44,0x02,0x5F,0x48,0x81,0x54,0x60,0x1C,0xC4,0xB2,0x06,0x2C,
    0xDC,0xDB,0x0C,0x21,0x5B,0x48,0xFF,0xF7,0x13,0xF8,0x05,0x46,0x59,0x48,0x05,0x73,
    0x29,0x12,0x41,0x73,0x01,0xF0,0x1A,0xFC,0x00,0xF0,0x60,0xFE,0x03,0xE0,0xFF,0xE7,
    0x02,0x20,0xFF,0xF7,0x03,0xFA,0x00,0xF0,0x17,0xFE,0x4F,0x48,0x40,0x78,0xC0,0xF3,
    0x00,0x10,0xD0,0xB3,0x03,0x20,0x01,0xF0,0x5B,0xF8,0x00,0x24,0x25,0xE0,0x47,0x48,
    0x66,0x30,0x10,0xF8,0x14,0x10,0x4C,0x48,0x00,0xF8,0x24,0x10,0x43,0x48,0x66,0x30,
    0x30,0xF8,0x14,0x00,0x01,0x12,0x01,0x20,0x00,0xEB,0x84,0x02,0x46,0x48,0x81,0x54,
    0x3E,0x48,0x68,0x30,0x10,0xF8,0x14,0x10,0x02,0x20,0x00,0xEB,0x84,0x02,0x42,0x48,
    0x81,0x54,0x3A,0x48,0x68,0x30,0x30,0xF8,0x14,0x00,0x01,0x12,0x03,0x20,0x00,0xEB,
    0x84,0x02,0x3D,0x48,0x81,0x54,0x60,0x1C,0xC4,0xB2,0x01,0x2C,0xD7,0xDB,0x04,0x21,
    0x39,0x48,0xFE,0xF7,0xCD,0xFF,0x05,0x46,0x37,0x48,0x05,0x71,0x29,0x12,0x41,0x71,
    0x01,0xF0,0x80,0xFB,0x00,0xF0,0xD8,0xFD,0x03,0xE0,0xFF,0xE7,0x03,0x20,0xFF,0xF7,
    0xBD,0xF9,0x00,0xF0,0x55,0xFE,0x2C,0x48,0x40,0x78,0x00,0xF0,0x01,0x00,0xC8,0xB1,
    0x04,0x20,0x01,0xF0,0x15,0xF8,0x1E,0x21,0x23,0x48,0x80,0xF8,0x00,0x1A,0x00,0x21,
    0x00,0xF5,0x20,0x60,0x41,0x70,0x1E,0x20,0x28,0x49,0x08,0x70,0x02,0x21,0x28,0x48,
    0xFE,0xF7,0xA6,0xFF,0x05,0x46,0x26,0x48,0x85,0x70,0x29,0x12,0xC1,0x70,0x01,0xF0,
    0x1B,0xFC,0x02,0xE0,0x04,0x20,0xFF,0xF7,0x99,0xF9,0x20,0x49,0x91,0xF9,0x00,0x00,
    0xFE,0xF7,0x4C,0xFF,0x1D,0x49,0x48,0x80,0x91,0xF9,0x00,0x00,0xFF,0xF7,0xCA,0xF8,
    0x06,0x46,0x00,0x24,0x0C,0xE0,0x30,0x46,0xFC,0xF7,0x0A,0xFE,0x07,0x46,0x14,0x49,
    0xFC,0xF7,0x40,0xFC,0x0D,0x49,0x2C,0x31,0x41,0xF8,0x24,0x00,0x60,0x1C,0xC4,0xB2,
    0x06,0x2C,0xF0,0xDB,0x08,0x48,0x80,0xF8,0x00,0x6C,0x31,0x0A,0x00,0xF5,0x40,0x60,
    0x41,0x70,0x01,0xF0,0xBB,0xFA,0xBD,0xE8,0xF0,0x81,0x00,0x00,0x00,0xB6,0x01,0x20,
    0x00,0x50,0x01,0x20,0x00,0xC0,0x01,0x20,0x00,0xB0,0x01,0x20,0xF8,0x42,0x10,0x00,
    0x00,0x50,0xC3,0x47,0x00,0x24,0x01,0x20,0x00,0xB5,0x01,0x20,0x00,0xC1,0x01,0x20,
    0x00,0x40,0x1C,0x46,0x00,0x23,0x01,0x20,0x00,0x5B,0x01,0x20,0xD0,0x42,0x10,0x00,
    0x00,0xBA,0x01,0x20,0x10,0xB5,0xFF,0xF7,0x63,0xFD,0x19,0x48,0x00,0x78,0x01,0x28,
    0x17,0xD1,0x00,0x20,0x16,0x49,0x08,0x70,0xFF,0xF7,0x66,0xFE,0x15,0x48,0x00,0x88,
    0x0A,0x21,0x90,0xFB,0xF1,0xF0,0x14,0x49,0x09,0x88,0x08,0x44,0x12,0x49,0x08,0x80,
    0x08,0x46,0x00,0x88,0x47,0xF6,0xFF,0x71,0x88,0x42,0x02,0xDB,0x00,0x20,0x0E,0x49,
    0x08,0x80,0xFF,0xF7,0x01,0xFC,0x0A,0x48,0x80,0x79,0x01,0x28,0x0F,0xD1,0x0B,0x48,
    0x40,0x88,0x40,0x1C,0x09,0x49,0x48,0x80,0x08,0x46,0x40,0x88,0x64,0x28,0x06,0xDB,
    0x00,0xF0,0x48,0xFE,0x00,0x20,0x05,0x49,0x48,0x80,0x01,0x49,0x88,0x71,0x10,0xBD,
    0xBE,0x42,0x10,0x00,0xBC,0x42,0x10,0x00,0xCA,0x42,0x10,0x00,0xC6,0x42,0x10,0x00,
    0x2D,0xE9,0xF0,0x41,0x05,0x46,0x00,0x26,0x00,0x24,0x2F,0x48,0x01,0x78,0x05,0xEB,
    0xC5,0x10,0x2E,0x4A,0x02,0xEB,0x40,0x00,0x80,0x1C,0x00,0xF8,0x14,0x10,0x2A,0x48,
    0x00,0x88,0x01,0x12,0x05,0xEB,0xC5,0x10,0x02,0xEB,0x40,0x00,0x80,0x1C,0x01,0x22,
    0x02,0xEB,0x44,0x02,0x81,0x54,0x64,0x1C,0x00,0xBF,0x1E,0xE0,0x24,0x48,0xC0,0x6D,
    0x10,0xF8,0x16,0x10,0x05,0xEB,0xC5,0x10,0x20,0x4A,0x02,0xEB,0x40,0x00,0x80,0x1C,
    0x00,0xF8,0x14,0x10,0x1E,0x48,0xC0,0x6D,0x30,0xF8,0x16,0x00,0xC0,0xF3,0x07,0x21,
    0x05,0xEB,0xC5,0x10,0x02,0xEB,0x40,0x00,0x80,0x1C,0x01,0x22,0x02,0xEB,0x44,0x02,
    0x81,0x54,0x60,0x1C,0xC4,0xB2,0x70,0x1C,0xC6,0xB2,0x06,0x2E,0xDE,0xDB,0x62,0x06,
    0x11,0x0E,0x05,0xEB,0xC5,0x12,0x11,0x4B,0x03,0xEB,0x42,0x02,0x90,0x1C,0xFE,0xF7,
    0xCF,0xFE,0x07,0x46,0x05,0xEB,0xC5,0x10,0x0C,0x4A,0x02,0xEB,0x40,0x00,0x80,0x1C,
    0x00,0xF8,0x14,0x70,0x39,0x12,0x05,0xEB,0xC5,0x10,0x02,0xEB,0x40,0x00,0x80,0x1C,
    0x01,0x22,0x02,0xEB,0x44,0x02,0x81,0x54,0x60,0x1C,0xC4,0xB2,0x28,0x46,0xFF,0xF7,
    0xCF,0xFC,0xBD,0xE8,0xF0,0x81,0x00,0x00,0xCA,0x42,0x10,0x00,0xAC,0x53,0x10,0x00,
    0x7C,0x41,0x10,0x00,0x2D,0xE9,0xF0,0x41,0x05,0x46,0x00,0x26,0x00,0x24,0x28,0x46,
    0xFF,0xF7,0x46,0xFB,0x05,0xEB,0xC5,0x10,0x49,0x49,0x01,0xEB,0x40,0x00,0x40,0x78,
    0x00,0x28,0x7C,0xD1,0x00,0xBF,0x1E,0xE0,0x46,0x48,0x40,0x68,0x10,0xF8,0x16,0x10,
    0x05,0xEB,0xC5,0x10,0x42,0x4A,0x02,0xEB,0x40,0x00,0x80,0x1C,0x00,0xF8,0x14,0x10,
    0x40,0x48,0x40,0x68,0x30,0xF8,0x16,0x00,0xC0,0xF3,0x07,0x21,0x05,0xEB,0xC5,0x10,
    0x02,0xEB,0x40,0x00,0x80,0x1C,0x01,0x22,0x02,0xEB,0x44,0x02,0x81,0x54,0x60,0x1C,
    0xC4,0xB2,0x70,0x1C,0xC6,0xB2,0x37,0x48,0x80,0x78,0xB0,0x42,0xDC,0xDC,0x36,0x48,
    0x01,0x7B,0x05,0xEB,0xC5,0x10,0x32,0x4A,0x02,0xEB,0x40,0x00,0x80,0x1C,0x00,0xF8,
    0x14,0x10,0x31,0x48,0x80,0x89,0xC0,0xF3,0x07,0x21,0x05,0xEB,0xC5,0x10,0x02,0xEB,
    0x40,0x00,0x80,0x1C,0x01,0x22,0x02,0xEB,0x44,0x02,0x81,0x54,0x60,0x1C,0xC4,0xB2,
    0x00,0x26,0x19,0xE0,0x29,0x48,0x71,0x1C,0x41,0x5C,0x05,0xEB,0xC5,0x10,0x24,0x4A,
    0x02,0xEB,0x40,0x00,0x80,0x1C,0x00,0xF8,0x14,0x10,0x24,0x48,0x81,0x5D,0x05,0xEB,
    0xC5,0x10,0x02,0xEB,0x40,0x00,0x80,0x1C,0x01,0x22,0x02,0xEB,0x44,0x02,0x81,0x54,
    0x60,0x1C,0xC4,0xB2,0xB0,0x1C,0xC6,0xB2,0x02,0x2E,0xE3,0xDB,0x62,0x06,0x11,0x0E,
    0x05,0xEB,0xC5,0x12,0x16,0x4B,0x03,0xEB,0x42,0x02,0x90,0x1C,0xFE,0xF7,0x38,0xFE,
    0x07,0x46,0x05,0xEB,0xC5,0x10,0x12,0x4A,0x02,0xEB,0x40,0x00,0x80,0x1C,0x00,0xF8,
    0x14,0x70,0x39,0x12,0x05,0xEB,0xC5,0x10,0x02,0xEB,0x40,0x00,0x80,0x1C,0x01,0x22,
    0x02,0xEB,0x44,0x02,0x81,0x54,0x60,0x1C,0xC4,0xB2,0x28,0x46,0x00,0xE0,0x0C,0xE0,
    0xFF,0xF7,0x36,0xFC,0x60,0x06,0x00,0x0E,0x05,0xEB,0xC5,0x11,0x04,0x4A,0x02,0xEB,
    0x41,0x01,0x48,0x70,0x28,0x46,0xFF,0xF7,0x47,0xF8,0xBD,0xE8,0xF0,0x81,0x00,0x00,
    0xAC,0x53,0x10,0x00,0x7C,0x41,0x10,0x00,0xB4,0x57,0x10,0x00,0x00,0xC8,0x01,0x20,
    0x2D,0xE9,0xF0,0x41,0x04,0x46,0x00,0x26,0x00,0x27,0x00,0x25,0xA8,0x46,0x20,0x46,
    0xFF,0xF7,0x9E,0xFA,0x04,0xEB,0xC4,0x10,0x36,0x49,0x01,0xEB,0x40,0x00,0x40,0x78,
    0x00,0x28,0x65,0xD1,0x00,0xBF,0x33,0xE0,0x06,0xEB,0x46,0x00,0x32,0x49,0x08,0x44,
    0x80,0x78,0x01,0x28,0x2A,0xD1,0x00,0x27,0x22,0xE0,0x30,0x48,0x00,0xEB,0xC6,0x00,
    0x40,0x68,0x10,0xF8,0x17,0x10,0x04,0xEB,0xC4,0x10,0x2A,0x4A,0x02,0xEB,0x40,0x00,
    0x80,0x1C,0x00,0xF8,0x15,0x10,0x29,0x48,0x00,0xEB,0xC6,0x00,0x40,0x68,0x30,0xF8,
    0x17,0x00,0xC0,0xF3,0x07,0x21,0x04,0xEB,0xC4,0x10,0x02,0xEB,0x40,0x00,0x80,0x1C,
    0x01,0x22,0x02,0xEB,0x45,0x02,0x81,0x54,0x68,0x1C,0xC5,0xB2,0x78,0x1C,0xC7,0xB2,
    0x1E,0x48,0x00,0xEB,0xC6,0x00,0x80,0x78,0xB8,0x42,0xD6,0xDC,0x70,0x1C,0xC6,0xB2,
    0x1D,0x2E,0xC9,0xDB,0x6A,0x06,0x11,0x0E,0x04,0xEB,0xC4,0x12,0x15,0x4B,0x03,0xEB,
    0x42,0x02,0x90,0x1C,0xFE,0xF7,0xB4,0xFD,0x80,0x46,0x04,0xEB,0xC4,0x10,0x11,0x4A,
    0x02,0xEB,0x40,0x00,0x80,0x1C,0x00,0xF8,0x15,0x80,0x4F,0xEA,0x28,0x21,0x04,0xEB,
    0xC4,0x10,0x02,0xEB,0x40,0x00,0x80,0x1C,0x01,0x22,0x02,0xEB,0x45,0x02,0x81,0x54,
    0x68,0x1C,0xC5,0xB2,0x20,0x46,0xFF,0xF7,0xB3,0xFB,0x68,0x06,0x00,0x0E,0x04,0xEB,
    0xC4,0x11,0x04,0x4A,0x02,0xEB,0x41,0x01,0x48,0x70,0x20,0x46,0xFE,0xF7,0xC4,0xFF,
    0xBD,0xE8,0xF0,0x81,0xAC,0x53,0x10,0x00,0x64,0x42,0x10,0x00,0x7C,0x41,0x10,0x00,
    0x2D,0xE9,0xF0,0x47,0x04,0x46,0x88,0x46,0x00,0x26,0x00,0x27,0x00,0x25,0xA9,0x46,
    0xB8,0xF1,0x10,0x0F,0x03,0xD0,0xB8,0xF1,0x20,0x0F,0x04,0xD1,0x01,0xE0,0x00,0x27,
    0x02,0xE0,0x0B,0x27,0x00,0xE0,0x00,0xBF,0x00,0xBF,0x20,0x46,0xFF,0xF7,0x10,0xFA,
    0x04,0xEB,0xC4,0x10,0x30,0x49,0x01,0xEB,0x40,0x00,0x40,0x78,0x00,0x28,0x58,0xD1,
    0x00,0x26,0x22,0xE0,0x2D,0x48,0x00,0xEB,0xC7,0x00,0x40,0x68,0x10,0xF8,0x16,0x10,
    0x04,0xEB,0xC4,0x10,0x28,0x4A,0x02,0xEB,0x40,0x00,0x80,0x1C,0x00,0xF8,0x15,0x10,
    0x26,0x48,0x00,0xEB,0xC7,0x00,0x40,0x68,0x30,0xF8,0x16,0x00,0xC0,0xF3,0x07,0x21,
    0x04,0xEB,0xC4,0x10,0x02,0xEB,0x40,0x00,0x80,0x1C,0x01,0x22,0x02,0xEB,0x45,0x02,
    0x81,0x54,0x68,0x1C,0xC5,0xB2,0x70,0x1C,0xC6,0xB2,0x1C,0x48,0x00,0xEB,0xC7,0x00,
    0x80,0x78,0xB0,0x42,0xD6,0xDC,0x6A,0x06,0x11,0x0E,0x04,0xEB,0xC4,0x12,0x16,0x4B,
    0x03,0xEB,0x42,0x02,0x90,0x1C,0xFE,0xF7,0x33,0xFD,0x81,0x46,0x04,0xEB,0xC4,0x10,
    0x11,0x4A,0x02,0xEB,0x40,0x00,0x80,0x1C,0x00,0xF8,0x15,0x90,0x4F,0xEA,0x29,0x21,
    0x04,0xEB,0xC4,0x10,0x02,0xEB,0x40,0x00,0x80,0x1C,0x01,0x22,0x02,0xEB,0x45,0x02,
    0x81,0x54,0x68,0x1C,0xC5,0xB2,0x20,0x46,0xFF,0xF7,0x32,0xFB,0x68,0x06,0x00,0x0E,
    0x04,0xEB,0xC4,0x11,0x04,0x4A,0x02,0xEB,0x41,0x01,0x48,0x70,0x20,0x46,0xFE,0xF7,
    0x43,0xFF,0xBD,0xE8,0xF0,0x87,0x00,0x00,0xAC,0x53,0x10,0x00,0x7C,0x41,0x10,0x00,
    0x2D,0xE9,0xF0,0x41,0x05,0x46,0x00,0x26,0x00,0x24,0x28,0x46,0xFF,0xF7,0xA0,0xF9,
    0x05,0xEB,0xC5,0x10,0x35,0x49,0x01,0xEB,0x40,0x00,0x40,0x78,0x00,0x28,0x63,0xD1,
    0x33,0x48,0x01,0x7B,0x05,0xEB,0xC5,0x10,0x30,0x4A,0x02,0xEB,0x40,0x00,0x80,0x1C,
    0x00,0xF8,0x14,0x10,0x2E,0x48,0x80,0x89,0xC0,0xF3,0x07,0x21,0x05,0xEB,0xC5,0x10,
    0x02,0xEB,0x40,0x00,0x80,0x1C,0x01,0x22,0x02,0xEB,0x44,0x02,0x81,0x54,0x60,0x1C,
    0xC4,0xB2,0x00,0xBF,0x19,0xE0,0x27,0x48,0x71,0x1C,0x41,0x5C,0x05,0xEB,0xC5,0x10,
    0x22,0x4A,0x02,0xEB,0x40,0x00,0x80,0x1C,0x00,0xF8,0x14,0x10,0x21,0x48,0x81,0x5D,
    0x05,0xEB,0xC5,0x10,0x02,0xEB,0x40,0x00,0x80,0x1C,0x01,0x22,0x02,0xEB,0x44,0x02,
    0x81,0x54,0x60,0x1C,0xC4,0xB2,0xB0,0x1C,0xC6,0xB2,0x02,0x2E,0xE3,0xDB,0x62,0x06,
    0x11,0x0E,0x05,0xEB,0xC5,0x12,0x15,0x4B,0x03,0xEB,0x42,0x02,0x90,0x1C,0xFE,0xF7,
    0xB7,0xFC,0x07,0x46,0x05,0xEB,0xC5,0x10,0x10,0x4A,0x02,0xEB,0x40,0x00,0x80,0x1C,
    0x00,0xF8,0x14,0x70,0x39,0x12,0x05,0xEB,0xC5,0x10,0x02,0xEB,0x40,0x00,0x80,0x1C,
    0x01,0x22,0x02,0xEB,0x44,0x02,0x81,0x54,0x60,0x1C,0xC4,0xB2,0x28,0x46,0xFF,0xF7,
    0xB7,0xFA,0x60,0x06,0x00,0x0E,0x05,0xEB,0xC5,0x11,0x04,0x4A,0x02,0xEB,0x41,0x01,
    0x48,0x70,0x28,0x46,0xFE,0xF7,0xC8,0xFE,0xBD,0xE8,0xF0,0x81,0xAC,0x53,0x10,0x00,
    0xB4,0x57,0x10,0x00,0x00,0xC8,0x01,0x20,0x70,0xB5,0x1C,0x48,0x00,0x88,0x41,0xF2,
    0x88,0x31,0x88,0x42,0x02,0xD1,0x4F,0xF4,0xFA,0x65,0x01,0xE0,0x4F,0xF4,0x96,0x75,
    0x00,0x24,0x28,0xE0,0x16,0x48,0x00,0x5D,0x01,0x28,0x1F,0xD1,0x00,0x20,0xFD,0xF7,
    0xB7,0xF9,0x01,0x28,0x1A,0xD1,0x13,0x48,0x00,0x5D,0x01,0x28,0x16,0xDB,0x0F,0x48,
    0x00,0x88,0x0A,0x21,0x90,0xFB,0xF1,0xF0,0x0F,0x49,0x49,0x88,0x08,0x44,0x0E,0x49,
    0x48,0x80,0x08,0x46,0x40,0x88,0xA8,0x42,0x0B,0xDB,0x00,0x21,0x08,0x48,0x01,0x55,
    0x37,0x38,0x20,0xF8,0x14,0x10,0x00,0xF0,0x7D,0xFB,0x02,0xE0,0x00,0x20,0x06,0x49,
    0x48,0x80,0x60,0x1C,0xC4,0xB2,0x01,0x2C,0xD4,0xDB,0x70,0xBD,0xBC,0x42,0x10,0x00,
    0x3D,0x5C,0x10,0x00,0xC1,0x5B,0x10,0x00,0xCC,0x42,0x10,0x00,0x10,0xB5,0x00,0x24,
    0x00,0xBF,0x07,0xE0,0x26,0x48,0x30,0xF8,0x14,0x10,0x26,0x48,0x20,0xF8,0x14,0x10,
    0x60,0x1C,0xC4,0xB2,0x06,0x2C,0xF5,0xDB,0x00,0xBF,0xFF,0xF7,0xE9,0xF9,0xFF,0xF7,
    0xC5,0xF9,0x21,0x48,0x00,0x78,0x00,0x28,0xF7,0xD0,0x00,0x24,0x33,0xE0,0x1C,0x48,
    0x30,0xF9,0x14,0x10,0x1B,0x48,0x30,0xF9,0x14,0x00,0x09,0x1A,0x19,0x48,0x18,0x38,
    0x30,0xF9,0x14,0x00,0x08,0x44,0x47,0xF6,0xFF,0x71,0x88,0x42,0x1B,0xDA,0x14,0x48,
    0x30,0xF9,0x14,0x10,0x13,0x48,0x30,0xF9,0x14,0x00,0x09,0x1A,0x11,0x48,0x18,0x38,
    0x30,0xF9,0x14,0x00,0x08,0x44,0x11,0x49,0x88,0x42,0x0C,0xDD,0x0C,0x48,0x30,0xF8,
    0x14,0x10,0x0C,0x48,0x30,0xF8,0x14,0x00,0x08,0x1A,0x01,0xB2,0x09,0x48,0x0C,0x38,
    0x20,0xF8,0x14,0x10,0x05,0xE0,0x01,0x20,0x06,0x49,0x30,0x39,0x81,0xF8,0x43,0x00,
    0x03,0xE0,0x60,0x1C,0xC4,0xB2,0x06,0x2C,0xC9,0xDB,0x00,0xBF,0x10,0xBD,0x00,0x00,
    0xE2,0x57,0x10,0x00,0x8E,0x5B,0x10,0x00,0xBE,0x42,0x10,0x00,0x01,0x80,0xFF,0xFF,
    0x3E,0xB5,0x00,0x24,0x00,0xF0,0x90,0xF9,0x00,0xBF,0x05,0xE0,0x27,0x48,0x01,0x5D,
    0x0C,0x30,0x01,0x55,0x60,0x1C,0xC4,0xB2,0x0C,0x2C,0xF7,0xDB,0x00,0x24,0x1B,0xE0,
    0x23,0x48,0x30,0xF9,0x14,0x00,0x21,0x49,0xB1,0xF9,0x3E,0x10,0x88,0x42,0x07,0xDC,
    0x1F,0x48,0x30,0xF9,0x14,0x00,0x1D,0x49,0xB1,0xF9,0x40,0x10,0x88,0x42,0x03,0xDA,
    0x20,0x46,0xFE,0xF7,0x1F,0xFF,0x05,0xE0,0x20,0x46,0xFE,0xF7,0x49,0xFF,0x20,0x46,
    0xFE,0xF7,0xFA,0xFF,0x60,0x1C,0xC4,0xB2,0x06,0x2C,0xE1,0xDB,0x01,0xF0,0x22,0xF8,
    0xFF,0xF7,0x74,0xFF,0x00,0x24,0x08,0xE0,0x10,0x48,0x30,0x30,0x30,0xF8,0x14,0x10,
    0x0F,0x48,0x20,0xF8,0x14,0x10,0x60,0x1C,0xC4,0xB2,0x06,0x2C,0xF4,0xDB,0x00,0x24,
    0x0F,0xE0,0x0A,0x48,0x00,0x5D,0x0D,0xF8,0x04,0x00,0x08,0x48,0x0C,0x30,0x00,0x5D,
    0x06,0x49,0x08,0x55,0x1D,0xF8,0x04,0x10,0x04,0x48,0x0C,0x30,0x01,0x55,0x60,0x1C,
    0xC4,0xB2,0x0C,0x2C,0xED,0xDB,0x00,0xF0,0xFD,0xFF,0x3E,0xBD,0x5E,0x5B,0x10,0x00,
    0xE2,0x57,0x10,0x00,0x2D,0xE9,0xF0,0x47,0x00,0x24,0x00,0x25,0x00,0x26,0x00,0x27,
    0x6E,0x48,0x40,0x78,0x01,0x28,0x7C,0xD1,0x00,0xF0,0xE8,0xF8,0x00,0x28,0x79,0xD1,
    0x00,0xBF,0x60,0xE0,0x6A,0x48,0x00,0xEB,0xC4,0x01,0x00,0xEB,0xC4,0x00,0xD0,0xF8,
    0x02,0x20,0x0A,0x60,0xC0,0x88,0x88,0x80,0x66,0x48,0x30,0xF9,0x14,0x10,0x66,0x48,
    0x30,0xF9,0x14,0x00,0x08,0x1A,0x47,0xF6,0xFF,0x71,0x88,0x42,0x04,0xDB,0x60,0x48,
    0x00,0xEB,0xC4,0x00,0xC1,0x80,0x0B,0xE0,0x5E,0x48,0x30,0xF8,0x14,0x10,0x5E,0x48,
    0x30,0xF8,0x14,0x00,0x08,0x1A,0x01,0xB2,0x59,0x48,0x00,0xEB,0xC4,0x00,0xC1,0x80,
    0x00,0x26,0x00,0x25,0x07,0xE0,0x56,0x48,0x00,0xEB,0xC4,0x00,0x30,0xF9,0x15,0x00,
    0x06,0x44,0x68,0x1C,0xC5,0xB2,0x04,0x2D,0xF5,0xDB,0xF1,0x17,0x06,0xEB,0x91,0x71,
    0x8E,0x10,0x04,0xEB,0xC4,0x02,0x02,0xEB,0x04,0x12,0x50,0x4B,0x03,0xEB,0x82,0x02,
    0x91,0x1C,0x04,0xEB,0xC4,0x02,0x02,0xEB,0x04,0x12,0x03,0xEB,0x82,0x00,0x62,0x22,
    0xFB,0xF7,0x4A,0xFF,0x30,0xB2,0x04,0xEB,0xC4,0x01,0x01,0xEB,0x04,0x11,0x47,0x4A,
    0x02,0xEB,0x81,0x01,0xA1,0xF8,0x62,0x00,0x04,0xEB,0xC4,0x00,0x00,0xEB,0x04,0x10,
    0x11,0x46,0x01,0xEB,0x80,0x00,0xB0,0xF8,0x62,0x00,0x3E,0x49,0x2E,0x39,0x21,0xF8,
    0x14,0x00,0x60,0x1C,0xC4,0xB2,0x06,0x2C,0x9C,0xDB,0x00,0x24,0x65,0xE0,0x3C,0x48,
    0x05,0x5D,0x1E,0xE0,0x3B,0x49,0x51,0xF8,0x25,0x00,0x3B,0x49,0xFB,0xF7,0xA0,0xFF,
    0x81,0x46,0x05,0xEB,0xC5,0x01,0x01,0xEB,0x05,0x11,0x34,0x4A,0x02,0xEB,0x81,0x01,
    0x01,0xE0,0x55,0xE0,0x58,0xE0,0xB1,0xF9,0x62,0x00,0xFC,0xF7,0x89,0xF9,0x82,0x46,
    0x49,0x46,0xFB,0xF7,0x8D,0xFF,0x80,0x46,0xFC,0xF7,0xA1,0xF9,0x07,0x44,0x68,0x1C,
    0xC5,0xB2,0x2B,0x48,0x80,0x1C,0x00,0x5D,0xA8,0x42,0xDB,0xDC,0x04,0xEB,0xC4,0x02,
    0x02,0xEB,0x04,0x13,0x22,0x4A,0x30,0x32,0x02,0xEB,0x83,0x02,0x91,0x1C,0x04,0xEB,
    0xC4,0x02,0x02,0xEB,0x04,0x13,0x1E,0x4A,0x30,0x32,0x02,0xEB,0x83,0x00,0x62,0x22,
    0xFB,0xF7,0xF2,0xFE,0x47,0xF6,0xFF,0x70,0x87,0x42,0x0B,0xDB,0x01,0x46,0x04,0xEB,
    0xC4,0x00,0x00,0xEB,0x04,0x12,0x16,0x48,0x30,0x30,0x00,0xEB,0x82,0x00,0xA0,0xF8,
    0x62,0x10,0x0A,0xE0,0x39,0xB2,0x04,0xEB,0xC4,0x00,0x00,0xEB,0x04,0x12,0x10,0x48,
    0x30,0x30,0x00,0xEB,0x82,0x00,0xA0,0xF8,0x62,0x10,0x04,0xEB,0xC4,0x00,0x00,0xEB,
    0x04,0x11,0x0B,0x48,0x30,0x30,0x00,0xEB,0x81,0x00,0xB0,0xF8,0x62,0x10,0x09,0x48,
    0x1E,0x38,0x20,0xF8,0x14,0x10,0x60,0x1C,0xC4,0xB2,0x01,0x2C,0x97,0xDB,0x03,0xE0,
    0x00,0xF0,0xFC,0xFD,0x00,0xF0,0x16,0xFA,0xBD,0xE8,0xF0,0x87,0xBE,0x42,0x10,0x00,
    0xCA,0x5A,0x10,0x00,0xE2,0x57,0x10,0x00,0x76,0x5B,0x10,0x00,0x72,0x58,0x10,0x00,
    0xD4,0x42,0x10,0x00,0x3C,0x43,0x10,0x00,0x00,0x00,0x20,0x41,0x70,0xB5,0x00,0x25,
    0x00,0x24,0x1C,0x48,0x00,0x79,0x00,0x28,0x31,0xD1,0x00,0xBF,0x2D,0xE0,0x1A,0x48,
    0x40,0x5D,0x03,0x28,0x27,0xD1,0x18,0x48,0x40,0x1C,0x40,0x5D,0x03,0x28,0x22,0xD1,
    0x16,0x48,0x40,0x5D,0xF8,0xB9,0x00,0x24,0x1B,0xE0,0x15,0x48,0x30,0xF9,0x14,0x10,
    0x14,0x48,0x30,0xF9,0x14,0x00,0x08,0x1A,0xB0,0xF5,0x80,0x4F,0x09,0xDC,0x10,0x48,
    0x30,0xF9,0x14,0x10,0x0F,0x48,0x30,0xF9,0x14,0x00,0x08,0x1A,0x10,0xF5,0x80,0x4F,
    0x05,0xDA,0x00,0xF0,0xD7,0xF9,0x00,0xF0,0x95,0xF9,0x01,0x20,0x70,0xBD,0x60,0x1C,
    0xC4,0xB2,0x06,0x2C,0xE1,0xDB,0x68,0x1C,0xC5,0xB2,0x01,0x2D,0xCF,0xDB,0x00,0x20,
    0xF4,0xE7,0x00,0x00,0xBE,0x42,0x10,0x00,0xC1,0x5B,0x10,0x00,0x3D,0x5C,0x10,0x00,
    0xE2,0x57,0x10,0x00,0x76,0x5B,0x10,0x00,0x10,0xB5,0x00,0x24,0x00,0xBF,0x0D,0xE0,
    0x08,0x4A,0x02,0xEB,0x44,0x01,0x08,0x4A,0x32,0xF8,0x14,0x20,0x02,0xF5,0xD0,0x72,
    0x90,0xB2,0x02,0x22,0xFC,0xF7,0x67,0xFE,0x60,0x1C,0xC4,0xB2,0x06,0x2C,0xEF,0xDB,
    0x10,0xBD,0x00,0x00,0x5E,0x5B,0x10,0x00,0x74,0x43,0x10,0x00,0x10,0xB5,0x00,0x24,
    0xFF,0xF7,0xE2,0xFF,0x00,0xBF,0x05,0xE0,0x04,0x48,0x01,0x5D,0x04,0x48,0x01,0x55,
    0x60,0x1C,0xC4,0xB2,0x0C,0x2C,0xF7,0xDB,0x10,0xBD,0x00,0x00,0x5E,0x5B,0x10,0x00,
    0x00,0x17,0x01,0x20,0x70,0xB5,0x00,0x24,0x01,0x25,0x02,0x22,0x1B,0x49,0x1C,0x48,
    0xFC,0xF7,0xF4,0xFB,0x00,0xBF,0x1F,0xE0,0x19,0x48,0x10,0xF8,0x24,0x10,0x19,0x48,
    0x00,0xF8,0x24,0x10,0x16,0x48,0x30,0xF8,0x24,0x00,0xC0,0xF3,0x07,0x22,0xA0,0x00,
    0x40,0x1C,0x14,0x49,0x0A,0x54,0x12,0x48,0x50,0xF8,0x24,0x00,0xC0,0xF3,0x07,0x42,
    0xA0,0x00,0x80,0x1C,0x0A,0x54,0x0E,0x48,0x50,0xF8,0x24,0x00,0x02,0x0E,0xA0,0x00,
    0xC0,0x1C,0x0A,0x54,0x60,0x1C,0xC4,0xB2,0x01,0x2C,0xDD,0xDB,0x04,0x21,0x09,0x48,
    0xFE,0xF7,0x5C,0xFB,0x05,0x46,0x2D,0xB1,0x05,0x20,0xFE,0xF7,0x8B,0xFB,0xFD,0xF7,
    0x2D,0xFE,0x02,0xE0,0x05,0x20,0x00,0xF0,0xE7,0xF9,0x70,0xBD,0xF0,0x9F,0x03,0x00,
    0x00,0x41,0x10,0x00,0x00,0xC1,0x01,0x20,0x70,0xB5,0x00,0x24,0x01,0x25,0x03,0x22,
    0x1B,0x49,0x1C,0x48,0xFC,0xF7,0xB2,0xFB,0x00,0xBF,0x1F,0xE0,0x19,0x48,0x10,0xF8,
    0x24,0x10,0x19,0x48,0x00,0xF8,0x24,0x10,0x16,0x48,0x30,0xF8,0x24,0x00,0xC0,0xF3,
    0x07,0x22,0xA0,0x00,0x40,0x1C,0x14,0x49,0x0A,0x54,0x12,0x48,0x50,0xF8,0x24,0x00,
    0xC0,0xF3,0x07,0x42,0xA0,0x00,0x80,0x1C,0x0A,0x54,0x0E,0x48,0x50,0xF8,0x24,0x00,
    0x02,0x0E,0xA0,0x00,0xC0,0x1C,0x0A,0x54,0x60,0x1C,0xC4,0xB2,0x02,0x2C,0xDD,0xDB,
    0x06,0x21,0x09,0x48,0xFE,0xF7,0x1A,0xFB,0x05,0x46,0x2D,0xB1,0x03,0x20,0xFE,0xF7,
    0x49,0xFB,0xFD,0xF7,0xD3,0xFE,0x02,0xE0,0x03,0x20,0x00,0xF0,0xA5,0xF9,0x70,0xBD,
    0xF0,0xBF,0x03,0x00,0xD8,0x43,0x10,0x00,0x00,0x5B,0x01,0x20,0x70,0xB5,0x00,0x24,
    0x01,0x25,0x05,0x22,0x1B,0x49,0x1C,0x48,0xFC,0xF7,0x70,0xFB,0x00,0xBF,0x1F,0xE0,
    0x19,0x48,0x10,0xF8,0x24,0x10,0x19,0x48,0x00,0xF8,0x24,0x10,0x16,0x48,0x30,0xF8,
    0x24,0x00,0xC0,0xF3,0x07,0x22,0xA0,0x00,0x40,0x1C,0x14,0x49,0x0A,0x54,0x12,0x48,
    0x50,0xF8,0x24,0x00,0xC0,0xF3,0x07,0x42,0xA0,0x00,0x80,0x1C,0x0A,0x54,0x0E,0x48,
    0x50,0xF8,0x24,0x00,0x02,0x0E,0xA0,0x00,0xC0,0x1C,0x0A,0x54,0x60,0x1C,0xC4,0xB2,
    0x04,0x2C,0xDD,0xDB,0x0E,0x21,0x09,0x48,0xFE,0xF7,0xD8,0xFA,0x05,0x46,0x2D,0xB1,
    0x02,0x20,0xFE,0xF7,0x07,0xFB,0xFE,0xF7,0xFB,0xFB,0x02,0xE0,0x02,0x20,0x00,0xF0,
    0x63,0xF9,0x70,0xBD,0xF0,0xCF,0x03,0x00,0xE4,0x43,0x10,0x00,0x00,0x23,0x01,0x20,
    0x70,0xB5,0x00,0x24,0x01,0x25,0x02,0x22,0x1D,0x49,0x1E,0x48,0xFC,0xF7,0x2E,0xFB,
    0x00,0xBF,0x1F,0xE0,0x1B,0x48,0x10,0xF8,0x24,0x10,0x1B,0x48,0x00,0xF8,0x24,0x10,
    0x18,0x48,0x30,0xF8,0x24,0x00,0xC0,0xF3,0x07,0x22,0xA0,0x00,0x40,0x1C,0x16,0x49,
    0x0A,0x54,0x14,0x48,0x50,0xF8,0x24,0x00,0xC0,0xF3,0x07,0x42,0xA0,0x00,0x80,0x1C,
    0x0A,0x54,0x10,0x48,0x50,0xF8,0x24,0x00,0x02,0x0E,0xA0,0x00,0xC0,0x1C,0x0A,0x54,
    0x60,0x1C,0xC4,0xB2,0x01,0x2C,0xDD,0xDB,0x04,0x21,0x0B,0x48,0xFE,0xF7,0x96,0xFA,
    0x05,0x46,0x45,0xB1,0x04,0x20,0xFE,0xF7,0xC5,0xFA,0x06,0x48,0x00,0x78,0x40,0xB2,
    0x06,0x49,0x08,0x70,0x02,0xE0,0x04,0x20,0x00,0xF0,0x1E,0xF9,0x70,0xBD,0x00,0x00,
    0xF0,0xAF,0x03,0x00,0x08,0x41,0x10,0x00,0x00,0xBA,0x01,0x20,0xD0,0x42,0x10,0x00,
    0x70,0xB5,0x00,0x24,0x01,0x25,0x05,0x22,0x1B,0x49,0x1C,0x48,0xFC,0xF7,0xE6,0xFA,
    0x00,0xBF,0x1F,0xE0,0x19,0x48,0x10,0xF8,0x24,0x10,0x19,0x48,0x00,0xF8,0x24,0x10,
    0x16,0x48,0x30,0xF8,0x24,0x00,0xC0,0xF3,0x07,0x22,0xA0,0x00,0x40,0x1C,0x14,0x49,
    0x0A,0x54,0x12,0x48,0x50,0xF8,0x24,0x00,0xC0,0xF3,0x07,0x42,0xA0,0x00,0x80,0x1C,
    0x0A,0x54,0x0E,0x48,0x50,0xF8,0x24,0x00,0x02,0x0E,0xA0,0x00,0xC0,0x1C,0x0A,0x54,
    0x60,0x1C,0xC4,0xB2,0x04,0x2C,0xDD,0xDB,0x0E,0x21,0x09,0x48,0xFE,0xF7,0x4E,0xFA,
    0x05,0x46,0x2D,0xB1,0x01,0x20,0xFE,0xF7,0x7D,0xFA,0x00,0xF0,0x85,0xFA,0x02,0xE0,
    0x01,0x20,0x00,0xF0,0xD9,0xF8,0x70,0xBD,0xF0,0xDF,0x03,0x00,0xF8,0x43,0x10,0x00,
    0x00,0x24,0x01,0x20,0x00,0x21,0x00,0x20,0x00,0xBF,0x2B,0xE0,0x18,0x4A,0x50,0x5C,
    0x21,0xE0,0x00,0xEB,0xC0,0x02,0x02,0xEB,0x00,0x12,0x16,0x4B,0x03,0xEB,0x82,0x02,
    0xB2,0xF8,0x62,0x20,0x14,0x4B,0x23,0xF8,0x10,0x20,0x00,0xEB,0xC0,0x02,0x02,0xEB,
    0x00,0x12,0x10,0x4B,0x03,0xEB,0x82,0x02,0xB2,0xF9,0x62,0x20,0x93,0x02,0x0E,0x4A,
    0x18,0x32,0x42,0xF8,0x20,0x30,0x18,0x3A,0x32,0xF8,0x10,0x30,0x0B,0x4A,0x22,0xF8,
    0x10,0x30,0x42,0x1C,0xD0,0xB2,0x06,0x4A,0x92,0x1C,0x52,0x5C,0x82,0x42,0xD8,0xDC,
    0x4A,0x1C,0xD1,0xB2,0x01,0x29,0xD1,0xDB,0x01,0x22,0x05,0x4B,0x9A,0x70,0x70,0x47,
    0xD4,0x42,0x10,0x00,0x72,0x58,0x10,0x00,0xC4,0x5B,0x10,0x00,0xC6,0x57,0x10,0x00,
    0xBE,0x42,0x10,0x00,0x2D,0xE9,0xF0,0x47,0x00,0x24,0x00,0x25,0x00,0x26,0x00,0xBF,
    0x31,0xE0,0x3E,0x48,0x30,0xF8,0x14,0x10,0x3D,0x48,0x20,0xF8,0x14,0x10,0x00,0x25,
    0x0E,0xE0,0x3A,0x48,0x30,0xF8,0x14,0x10,0x39,0x48,0x30,0xF8,0x14,0x00,0x08,0x1A,
    0x01,0xB2,0x38,0x48,0x00,0xEB,0xC4,0x00,0x20,0xF8,0x15,0x10,0x68,0x1C,0xC5,0xB2,
    0x04,0x2D,0xEE,0xDB,0x00,0x25,0x12,0xE0,0x30,0x48,0x30,0xF8,0x14,0x10,0x30,0x48,
    0x30,0xF8,0x14,0x00,0x08,0x1A,0x00,0xB2,0x04,0xEB,0xC4,0x01,0x01,0xEB,0x04,0x11,
    0x2D,0x4A,0x02,0xEB,0x81,0x01,0x21,0xF8,0x15,0x00,0x68,0x1C,0xC5,0xB2,0x32,0x2D,
    0xEA,0xDB,0x60,0x1C,0xC4,0xB2,0x06,0x2C,0xCB,0xDB,0x00,0x24,0x3F,0xE0,0x27,0x48,
    0x05,0x5D,0x1F,0xE0,0x05,0xEB,0xC5,0x01,0x01,0xEB,0x05,0x11,0x22,0x4A,0x02,0xEB,
    0x81,0x01,0xB1,0xF9,0x62,0x00,0xFB,0xF7,0xD3,0xFE,0x82,0x46,0x20,0x48,0x50,0xF8,
    0x25,0x10,0x50,0x46,0xFB,0xF7,0xD4,0xFC,0x80,0x46,0x30,0x46,0xFB,0xF7,0xC8,0xFE,
    0x81,0x46,0x41,0x46,0xFB,0xF7,0x74,0xFC,0x07,0x46,0xFB,0xF7,0xE0,0xFE,0x06,0x46,
    0x68,0x1C,0xC5,0xB2,0x15,0x48,0x80,0x1C,0x00,0x5D,0xA8,0x42,0xDA,0xDC,0x47,0xF6,
    0xFF,0x70,0x86,0x42,0x00,0xDB,0x06,0x46,0x00,0x25,0x0C,0xE0,0x31,0xB2,0x04,0xEB,
    0xC4,0x00,0x00,0xEB,0x04,0x12,0x0B,0x48,0x30,0x30,0x00,0xEB,0x82,0x00,0x20,0xF8,
    0x15,0x10,0x68,0x1C,0xC5,0xB2,0x32,0x2D,0xF0,0xDB,0x60,0x1C,0xC4,0xB2,0x01,0x2C,
    0xBD,0xDB,0x01,0x20,0x07,0x49,0x48,0x70,0xBD,0xE8,0xF0,0x87,0xE2,0x57,0x10,0x00,
    0x76,0x5B,0x10,0x00,0xCA,0x5A,0x10,0x00,0x72,0x58,0x10,0x00,0xD4,0x42,0x10,0x00,
    0x3C,0x43,0x10,0x00,0xBE,0x42,0x10,0x00,0x06,0x28,0x2B,0xD2,0xDF,0xE8,0x00,0xF0,
    0x2A,0x03,0x0C,0x15,0x1C,0x23,0x15,0x49,0x91,0xF8,0x00,0x15,0x41,0xF0,0x10,0x02,
    0x12,0x49,0x81,0xF8,0x00,0x25,0x1E,0xE0,0x10,0x49,0x91,0xF8,0x00,0x15,0x41,0xF0,
    0x01,0x02,0x0E,0x49,0x81,0xF8,0x00,0x25,0x15,0xE0,0x0D,0x49,0x49,0x78,0x41,0xF0,
    0x10,0x02,0x0B,0x49,0x4A,0x70,0x0E,0xE0,0x09,0x49,0x49,0x78,0x41,0xF0,0x01,0x02,
    0x07,0x49,0x4A,0x70,0x07,0xE0,0x06,0x49,0x89,0x78,0x41,0xF0,0x10,0x02,0x04,0x49,
    0x8A,0x70,0x00,0xE0,0x00,0xBF,0x00,0xBF,0x70,0x47,0x00,0x00,0x00,0xB0,0x01,0x20,
    0x00,0xB5,0x01,0x20,0x06,0x28,0x2B,0xD2,0xDF,0xE8,0x00,0xF0,0x2A,0x03,0x0C,0x15,
    0x1C,0x23,0x15,0x49,0x91,0xF8,0x00,0x16,0x41,0xF0,0x10,0x02,0x12,0x49,0x81,0xF8,
    0x00,0x26,0x1E,0xE0,0x10,0x49,0x91,0xF8,0x00,0x16,0x41,0xF0,0x01,0x02,0x0E,0x49,
    0x81,0xF8,0x00,0x26,0x15,0xE0,0x0D,0x49,0x49,0x78,0x41,0xF0,0x10,0x02,0x0B,0x49,
    0x4A,0x70,0x0E,0xE0,0x09,0x49,0x49,0x78,0x41,0xF0,0x01,0x02,0x07,0x49,0x4A,0x70,
    0x07,0xE0,0x06,0x49,0x89,0x78,0x41,0xF0,0x10,0x02,0x04,0x49,0x8A,0x70,0x00,0xE0,
    0x00,0xBF,0x00,0xBF,0x70,0x47,0x00,0x00,0x00,0xB0,0x01,0x20,0x00,0xB6,0x01,0x20,
    0x06,0x28,0x2B,0xD2,0xDF,0xE8,0x00,0xF0,0x2A,0x03,0x0C,0x15,0x1C,0x23,0x15,0x49,
    0x91,0xF8,0x00,0x15,0x41,0xF0,0x80,0x02,0x12,0x49,0x81,0xF8,0x00,0x25,0x1E,0xE0,
    0x10,0x49,0x91,0xF8,0x00,0x15,0x41,0xF0,0x08,0x02,0x0E,0x49,0x81,0xF8,0x00,0x25,
    0x15,0xE0,0x0D,0x49,0x49,0x78,0x41,0xF0,0x80,0x02,0x0B,0x49,0x4A,0x70,0x0E,0xE0,
    0x09,0x49,0x49,0x78,0x41,0xF0,0x08,0x02,0x07,0x49,0x4A,0x70,0x07,0xE0,0x06,0x49,
    0x89,0x78,0x41,0xF0,0x80,0x02,0x04,0x49,0x8A,0x70,0x00,0xE0,0x00,0xBF,0x00,0xBF,
    0x70,0x47,0x00,0x00,0x00,0xB0,0x01,0x20,0x00,0xB5,0x01,0x20,0x00,0x20,0x03,0x49,
    0x08,0x60,0x03,0x49,0x08,0x70,0x03,0x49,0x08,0x70,0x70,0x47,0x10,0x41,0x10,0x00,
    0x14,0x41,0x10,0x00,0xBE,0x42,0x10,0x00,0x10,0xB5,0x03,0x49,0x08,0x88,0x03,0x49,
    0xFC,0xF7,0x0C,0xFF,0x10,0xBD,0x00,0x00,0xBC,0x42,0x10,0x00,0x0D,0x1D,0x00,0x00,
    0x10,0xB5,0x00,0x20,0xFC,0xF7,0x8C,0xFC,0x20,0xB9,0x32,0x20,0x02,0x49,0x08,0x80,
    0xFF,0xF7,0xEA,0xFF,0x10,0xBD,0x00,0x00,0xBC,0x42,0x10,0x00,0x2D,0xE9,0xF0,0x5F,
    0x4F,0xF0,0x00,0x0A,0x00,0xBF,0xC7,0xE0,0x66,0x48,0x10,0xF8,0x0A,0x00,0x30,0xB1,
    0x01,0x28,0x47,0xD0,0x02,0x28,0x7D,0xD0,0x03,0x28,0x7C,0xD1,0xA2,0xE0,0x61,0x48,
    0x39,0x38,0x30,0xF9,0x1A,0x00,0x42,0xF2,0x10,0x71,0x88,0x42,0x02,0xDD,0x4F,0xF0,
    0x80,0x4B,0x01,0xE0,0x4F,0xF0,0x7E,0x5B,0x5A,0x49,0x45,0x39,0xB1,0xF9,0x10,0x00,
    0xFB,0xF7,0x9E,0xFD,0x06,0x46,0x59,0x46,0xFB,0xF7,0xA2,0xFB,0x04,0x46,0x55,0x49,
    0x39,0x39,0x31,0xF9,0x1A,0x00,0xFB,0xF7,0x93,0xFD,0x05,0x46,0x21,0x46,0xFB,0xF7,
    0x5B,0xFE,0x0A,0xD2,0x50,0x48,0x30,0xF9,0x1A,0x00,0x14,0x28,0x05,0xDD,0x4E,0x48,
    0x80,0x1C,0x30,0xF9,0x1A,0x00,0x14,0x28,0x03,0xDC,0x00,0x20,0xFC,0xF7,0x40,0xFC,
    0x20,0xB9,0x01,0x21,0x47,0x48,0x00,0xF8,0x0A,0x10,0x0A,0xE0,0x45,0x48,0x39,0x38,
    0x30,0xF9,0x1A,0x00,0x10,0xF1,0x0A,0x0F,0x03,0xDA,0x02,0x21,0x41,0x48,0x00,0xF8,
    0x0A,0x10,0x65,0xE0,0x3F,0x48,0x39,0x38,0x30,0xF9,0x1A,0x10,0x80,0x1C,0x30,0xF9,
    0x1A,0x00,0x81,0x42,0x06,0xDD,0x3B,0x48,0x39,0x38,0x30,0xF8,0x1A,0x10,0x80,0x1C,
    0x20,0xF8,0x1A,0x10,0x37,0x48,0x39,0x38,0x30,0xF9,0x1A,0x00,0x35,0x49,0x45,0x39,
    0xB1,0xF9,0x12,0x10,0x88,0x42,0x19,0xDB,0x32,0x49,0x37,0x39,0x31,0xF9,0x1A,0x00,
    0xFB,0xF7,0x5C,0xFD,0x80,0x46,0x4F,0xF0,0x33,0x32,0x30,0x4B,0xFB,0xF7,0x67,0xFC,
    0x04,0x46,0x0D,0x46,0x2B,0x49,0x39,0x39,0x31,0xF9,0x1A,0x00,0xFB,0xF7,0x4E,0xFD,
    0x06,0x46,0x22,0x46,0x2B,0x46,0xFB,0xF7,0xD3,0xFD,0x13,0xD2,0x28,0x48,0x10,0xF8,
    0x0A,0x00,0x01,0xE0,0x1A,0xE0,0x26,0xE0,0x01,0x28,0x0B,0xDB,0x00,0x20,0xFC,0xF7,
    0xEF,0xFB,0x01,0x28,0x06,0xD1,0x00,0x21,0x1E,0x48,0x00,0xF8,0x0A,0x10,0x37,0x38,
    0x20,0xF8,0x1A,0x10,0x1B,0x48,0x39,0x38,0x30,0xF9,0x1A,0x00,0x10,0xF1,0x0A,0x0F,
    0x03,0xDA,0x02,0x21,0x17,0x48,0x00,0xF8,0x0A,0x10,0x11,0xE0,0x15,0x48,0x39,0x38,
    0x30,0xF9,0x1A,0x00,0x10,0xF1,0x0A,0x0F,0x03,0xDB,0x00,0x21,0x11,0x48,0x00,0xF8,
    0x0A,0x10,0x05,0xE0,0x04,0xE0,0x00,0x21,0x0E,0x48,0x00,0xF8,0x0A,0x10,0x00,0xBF,
    0x00,0xBF,0x10,0x48,0x80,0x79,0x01,0x28,0x03,0xD1,0x00,0x21,0x09,0x48,0x00,0xF8,
    0x0A,0x10,0x08,0x48,0x10,0xF8,0x0A,0x10,0x07,0x48,0x96,0x38,0x20,0xF8,0x1A,0x10,
    0x0A,0xF1,0x01,0x00,0x00,0xF0,0xFF,0x0A,0xBA,0xF1,0x01,0x0F,0xFF,0xF6,0x34,0xAF,
    0xBD,0xE8,0xF0,0x9F,0x3D,0x5C,0x10,0x00,0x6A,0x58,0x10,0x00,0x33,0x33,0xD3,0x3F,
    0xC1,0x5B,0x10,0x00,0xBE,0x42,0x10,0x00,0x2D,0xE9,0xF0,0x41,0x00,0x24,0x01,0x26,
    0x4F,0xF4,0xFA,0x73,0x4E,0xF6,0x60,0x22,0x0C,0x21,0x15,0x48,0xFD,0xF7,0xCC,0xFF,
    0x06,0x46,0xFE,0xB1,0x00,0xBF,0x15,0xE0,0x11,0x48,0x10,0xF8,0x14,0x10,0x01,0x20,
    0x00,0xEB,0x44,0x02,0x0E,0x48,0x80,0x5C,0x41,0xEA,0x00,0x25,0x28,0x46,0xFB,0xF7,
    0xD0,0xFC,0x07,0x46,0x0B,0x49,0xFB,0xF7,0xFD,0xFA,0x0B,0x49,0x41,0xF8,0x24,0x00,
    0x60,0x1C,0xC4,0xB2,0x06,0x2C,0xE7,0xDB,0x01,0x20,0xFE,0xF7,0x01,0xF8,0x00,0xF0,
    0x7D,0xF9,0x02,0xE0,0x01,0x20,0xFF,0xF7,0x5D,0xFE,0xBD,0xE8,0xF0,0x81,0x00,0x00,
    0x00,0x24,0x01,0x20,0x00,0x50,0xC3,0x47,0xF8,0x42,0x10,0x00,0x10,0xB5,0x01,0x24,
    0x51,0x48,0x90,0xF8,0x00,0x12,0x90,0xF8,0x01,0x02,0x08,0x44,0xB0,0xF5,0x80,0x7F,
    0x70,0xD1,0x4D,0x48,0x90,0xF8,0x00,0x02,0x31,0x28,0x4F,0xD0,0x0E,0xDC,0xA0,0xF1,
    0x20,0x00,0x11,0x28,0x67,0xD2,0xDF,0xE8,0x00,0xF0,0x22,0x25,0x28,0x2B,0x82,0x2E,
    0x31,0x82,0x82,0x82,0x34,0x37,0x82,0x82,0x3A,0x3D,0x46,0x00,0x52,0x28,0x5B,0xD0,
    0x0C,0xDC,0x4A,0x28,0x43,0xD0,0x04,0xDC,0x40,0x28,0x3A,0xD0,0x41,0x28,0x6E,0xD1,
    0x3A,0xE0,0x50,0x28,0x3E,0xD0,0x51,0x28,0x69,0xD1,0x43,0xE0,0x53,0x28,0x57,0xD0,
    0xC0,0x28,0x22,0xD0,0xC1,0x28,0x23,0xD0,0xE0,0x28,0x60,0xD1,0x5C,0xE0,0xFF,0xF7,
    0xCF,0xFC,0x5E,0xE0,0x00,0xF0,0xD4,0xFA,0x5B,0xE0,0xFF,0xF7,0xBB,0xFB,0x58,0xE0,
    0x00,0xF0,0x4C,0xF9,0x55,0xE0,0xFF,0xF7,0x39,0xFC,0x52,0xE0,0x00,0xF0,0xEE,0xF9,
    0x4F,0xE0,0xFF,0xF7,0xF1,0xFB,0x4C,0xE0,0x00,0xF0,0x94,0xF9,0x49,0xE0,0xFF,0xF7,
    0x6F,0xFC,0x46,0xE0,0x00,0xF0,0x50,0xFA,0x43,0xE0,0xFF,0xF7,0x8F,0xFB,0x40,0xE0,
    0x00,0xF0,0xA2,0xFA,0x3D,0xE0,0xFE,0xF7,0x01,0xFB,0x3A,0xE0,0xFE,0xF7,0xDA,0xFA,
    0x37,0xE0,0xFD,0xF7,0x5D,0xFB,0x34,0xE0,0xFD,0xF7,0xD2,0xFE,0x31,0xE0,0xFD,0xF7,
    0x4F,0xFC,0x2E,0xE0,0x1D,0x48,0x00,0x79,0x01,0x28,0x02,0xD1,0x02,0x20,0xFC,0xF7,
    0xBD,0xFA,0x26,0xE0,0x19,0x48,0x00,0x79,0x01,0x28,0x02,0xD1,0x02,0x20,0xFC,0xF7,
    0x49,0xFB,0x1E,0xE0,0x27,0xE0,0x1A,0xE0,0x01,0x20,0xFC,0xF7,0xAF,0xFA,0x14,0x48,
    0x90,0xF8,0x00,0x05,0x40,0xF0,0x01,0x01,0x11,0x48,0x80,0xF8,0x00,0x15,0x10,0xE0,
    0x01,0x20,0xFC,0xF7,0x37,0xFB,0x0E,0x48,0x90,0xF8,0x00,0x05,0x00,0xF0,0xFE,0x01,
    0x0B,0x48,0x80,0xF8,0x00,0x15,0x04,0xE0,0xFE,0xF7,0xB2,0xFC,0x01,0xE0,0x00,0x24,
    0x00,0xBF,0x00,0xBF,0x3C,0xB1,0x00,0x20,0x03,0x49,0x81,0xF8,0x00,0x02,0x00,0x21,
    0x01,0x48,0x80,0xF8,0x01,0x12,0x10,0xBD,0x00,0x00,0x01,0x20,0xBE,0x42,0x10,0x00,
    0x00,0x50,0x01,0x20,0x70,0xB5,0x00,0x24,0x01,0x25,0x1E,0x48,0x90,0xF8,0x00,0x11,
    0x90,0xF8,0x01,0x01,0x08,0x44,0xB0,0xF5,0x80,0x7F,0x32,0xD1,0x19,0x48,0x90,0xF8,
    0x00,0x01,0x56,0x28,0x13,0xD0,0x04,0xDC,0x23,0x28,0x07,0xD0,0x24,0x28,0x1C,0xD1,
    0x07,0xE0,0x5B,0x28,0x16,0xD0,0xC1,0x28,0x17,0xD1,0x05,0xE0,0xFD,0xF7,0xE8,0xFF,
    0x15,0xE0,0xFF,0xF7,0xF9,0xFE,0x12,0xE0,0xFD,0xF7,0x90,0xF9,0x0F,0xE0,0x00,0x24,
    0x05,0xE0,0x0D,0x48,0x01,0x5D,0x0D,0x48,0x01,0x55,0x60,0x1C,0xC4,0xB2,0x04,0x2C,
    0xF7,0xDB,0x04,0xE0,0xFD,0xF7,0x6A,0xFA,0x01,0xE0,0x00,0x25,0x00,0xBF,0x00,0xBF,
    0x3D,0xB1,0x00,0x20,0x03,0x49,0x81,0xF8,0x00,0x01,0x00,0x21,0x01,0x48,0x80,0xF8,
    0x01,0x11,0x70,0xBD,0x00,0x00,0x01,0x20,0x00,0x56,0x01,0x20,0x54,0x43,0x10,0x00,
    0x10,0xB5,0x3B,0x48,0x90,0xF8,0x74,0x00,0x01,0x28,0x06,0xD0,0x02,0x28,0x3E,0xD0,
    0x03,0x28,0x47,0xD0,0x04,0x28,0x5E,0xD1,0x4F,0xE0,0x36,0x48,0x90,0xF8,0x45,0x00,
    0x01,0x28,0x03,0xD0,0x00,0x20,0xFC,0xF7,0x63,0xFA,0x58,0xB9,0x01,0x20,0x30,0x49,
    0x81,0xF8,0x78,0x00,0x4F,0xF4,0xFA,0x60,0xA1,0xF8,0x7C,0x00,0x32,0x20,0x2E,0x49,
    0x08,0x80,0x23,0xE0,0x2B,0x48,0x90,0xF8,0x45,0x00,0x20,0xB1,0x00,0x20,0xFC,0xF7,
    0x4F,0xFA,0x01,0x28,0x1A,0xD1,0x26,0x48,0x90,0xF8,0x78,0x00,0x01,0x28,0x15,0xD1,
    0x23,0x48,0xB0,0xF8,0x7C,0x00,0x40,0x1E,0x21,0x49,0xA1,0xF8,0x7C,0x00,0x08,0x46,
    0xB0,0xF8,0x7C,0x00,0x00,0x28,0x09,0xDC,0x00,0x20,0x81,0xF8,0x78,0x00,0x4F,0xF4,
    0xFA,0x60,0xA1,0xF8,0x7C,0x00,0x80,0x10,0x1B,0x49,0x08,0x80,0x2E,0xE0,0x01,0x20,
    0x17,0x49,0x81,0xF8,0x78,0x00,0x0A,0x20,0xA1,0xF8,0x7C,0x00,0x32,0x20,0x16,0x49,
    0x08,0x80,0x23,0xE0,0x01,0x20,0x12,0x49,0x81,0xF8,0x78,0x00,0x0A,0x20,0xA1,0xF8,
    0x7C,0x00,0x96,0x20,0x10,0x49,0x08,0x80,0x18,0xE0,0x01,0x20,0x0C,0x49,0x81,0xF8,
    0x78,0x00,0x0A,0x20,0xA1,0xF8,0x7C,0x00,0x41,0xF2,0x88,0x30,0x0A,0x49,0x08,0x80,
    0xFE,0xF7,0xAC,0xFA,0x0A,0xE0,0x01,0x20,0x05,0x49,0x81,0xF8,0x78,0x00,0x0A,0x20,
    0xA1,0xF8,0x7C,0x00,0x32,0x20,0x04,0x49,0x08,0x80,0x00,0xBF,0x00,0xBF,0x10,0xBD,
    0xE0,0x42,0x10,0x00,0xF8,0x5B,0x10,0x00,0xBC,0x42,0x10,0x00,0x70,0xB5,0x00,0x24,
    0x00,0xBF,0x15,0xE0,0x0C,0x4A,0x52,0xF8,0x24,0x10,0x18,0x32,0x52,0xF8,0x24,0x00,
    0xFB,0xF7,0x36,0xF9,0x05,0x46,0x08,0x48,0x44,0x30,0x50,0xF8,0x24,0x10,0x28,0x46,
    0xFB,0xF7,0x2E,0xF9,0x04,0x49,0x5C,0x31,0x41,0xF8,0x24,0x00,0x60,0x1C,0xC4,0xB2,
    0x06,0x2C,0xE7,0xDB,0x70,0xBD,0x00,0x00,0xE0,0x42,0x10,0x00,0x2D,0xE9,0xF0,0x41,
    0x00,0x24,0x01,0x25,0x01,0x26,0x0A,0x23,0x4E,0xF6,0x60,0x22,0x02,0x21,0x22,0x48,
    0xFD,0xF7,0x02,0xFE,0x06,0x46,0x00,0x2E,0x38,0xD0,0x05,0x20,0xFD,0xF7,0x50,0xFE,
    0x04,0x21,0x1D,0x48,0xFD,0xF7,0xE2,0xFD,0x05,0x46,0x5D,0xB3,0x05,0x20,0xFD,0xF7,
    0x11,0xFE,0x00,0xBF,0x17,0xE0,0x18,0x48,0x10,0xF8,0x24,0x20,0xA0,0x00,0x40,0x1C,
    0x15,0x49,0x08,0x5C,0x42,0xEA,0x00,0x22,0xA0,0x00,0x80,0x1C,0x08,0x5C,0x42,0xEA,
    0x00,0x42,0xA0,0x00,0xC0,0x1C,0x08,0x5C,0x42,0xEA,0x00,0x60,0x0F,0x49,0x41,0xF8,
    0x24,0x00,0x60,0x1C,0xC4,0xB2,0x01,0x2C,0xE5,0xDB,0x0D,0x48,0xFB,0xF7,0x28,0xFE,
    0xC7,0xB2,0x38,0x46,0xFB,0xF0,0x4C,0xF8,0x02,0x22,0x08,0x49,0x08,0x48,0xFB,0xF7,
    0x21,0xFF,0x06,0xE0,0x05,0x20,0xFF,0xF7,0x47,0xFC,0x02,0xE0,0x05,0x20,0xFF,0xF7,
    0x79,0xFC,0xBD,0xE8,0xF0,0x81,0x00,0x00,0x00,0xC1,0x01,0x20,0x00,0x41,0x10,0x00,
    0xF0,0x9F,0x03,0x00,0x2D,0xE9,0xF0,0x41,0x00,0x24,0x01,0x25,0x01,0x26,0x1E,0x23,
    0x4F,0xF4,0x7A,0x72,0x04,0x21,0x22,0x48,0xFD,0xF7,0xAE,0xFD,0x06,0x46,0x00,0x2E,
    0x38,0xD0,0x03,0x20,0xFD,0xF7,0xFC,0xFD,0x06,0x21,0x1D,0x48,0xFD,0xF7,0x8E,0xFD,
    0x05,0x46,0x5D,0xB3,0x03,0x20,0xFD,0xF7,0xBD,0xFD,0x00,0xBF,0x17,0xE0,0x18,0x48,
    0x10,0xF8,0x24,0x20,0xA0,0x00,0x40,0x1C,0x15,0x49,0x08,0x5C,0x42,0xEA,0x00,0x22,
    0xA0,0x00,0x80,0x1C,0x08,0x5C,0x42,0xEA,0x00,0x42,0xA0,0x00,0xC0,0x1C,0x08,0x5C,
    0x42,0xEA,0x00,0x60,0x0F,0x49,0x41,0xF8,0x24,0x00,0x60,0x1C,0xC4,0xB2,0x02,0x2C,
    0xE5,0xDB,0x0D,0x48,0xFB,0xF7,0xD4,0xFD,0xC7,0xB2,0x38,0x46,0xFA,0xF0,0xF8,0xFF,
    0x03,0x22,0x08,0x49,0x08,0x48,0xFB,0xF7,0xCD,0xFE,0x06,0xE0,0x03,0x20,0xFF,0xF7,
    0xF3,0xFB,0x02,0xE0,0x03,0x20,0xFF,0xF7,0x25,0xFC,0xBD,0xE8,0xF0,0x81,0x00,0x00,
    0x00,0x5B,0x01,0x20,0xD8,0x43,0x10,0x00,0xF0,0xBF,0x03,0x00,0x2D,0xE9,0xF0,0x41,
    0x00,0x24,0x01,0x25,0x01,0x26,0x4F,0xF4,0xFA,0x73,0x4E,0xF6,0x60,0x22,0x0C,0x21,
    0x21,0x48,0xFD,0xF7,0x59,0xFD,0x06,0x46,0x00,0x2E,0x38,0xD0,0x02,0x20,0xFD,0xF7,
    0xA7,0xFD,0x0E,0x21,0x1C,0x48,0xFD,0xF7,0x39,0xFD,0x05,0x46,0x5D,0xB3,0x02,0x20,
    0xFD,0xF7,0x68,0xFD,0x00,0xBF,0x17,0xE0,0x17,0x48,0x10,0xF8,0x24,0x20,0xA0,0x00,
    0x40,0x1C,0x15,0x49,0x08,0x5C,0x42,0xEA,0x00,0x22,0xA0,0x00,0x80,0x1C,0x08,0x5C,
    0x42,0xEA,0x00,0x42,0xA0,0x00,0xC0,0x1C,0x08,0x5C,0x42,0xEA,0x00,0x60,0x0F,0x49,
    0x41,0xF8,0x24,0x00,0x60,0x1C,0xC4,0xB2,0x04,0x2C,0xE5,0xDB,0x0C,0x48,0xFB,0xF7,
    0x7F,0xFD,0xC7,0xB2,0x38,0x46,0xFA,0xF0,0xA3,0xFF,0x05,0x22,0x07,0x49,0x08,0x48,
    0xFB,0xF7,0x78,0xFE,0x06,0xE0,0x02,0x20,0xFF,0xF7,0x9E,0xFB,0x02,0xE0,0x02,0x20,
    0xFF,0xF7,0xD0,0xFB,0xBD,0xE8,0xF0,0x81,0x00,0x23,0x01,0x20,0xE4,0x43,0x10,0x00,
    0xF0,0xCF,0x03,0x00,0x10,0xB5,0x00,0x24,0x00,0xBF,0x0D,0xE0,0x08,0x4A,0x02,0xEB,
    0x44,0x01,0x08,0x4A,0x32,0xF8,0x14,0x20,0x02,0xF5,0xD0,0x72,0x90,0xB2,0x02,0x22,
    0xFB,0xF7,0xBB,0xFF,0x60,0x1C,0xC4,0xB2,0x06,0x2C,0xEF,0xDB,0x10,0xBD,0x00,0x00,
    0x5E,0x5B,0x10,0x00,0x74,0x43,0x10,0x00,0x2D,0xE9,0xF0,0x41,0x00,0x24,0x01,0x25,
    0x01,0x26,0x25,0x48,0x90,0xF8,0x00,0x0A,0x64,0x28,0x04,0xDC,0x22,0x48,0x90,0xF8,
    0x00,0x0A,0x0A,0x28,0x00,0xDA,0x00,0x26,0x00,0x2E,0x38,0xD0,0x04,0x20,0xFD,0xF7,
    0x37,0xFD,0x04,0x21,0x1D,0x48,0xFD,0xF7,0xC9,0xFC,0x05,0x46,0x5D,0xB3,0x04,0x20,
    0xFD,0xF7,0xF8,0xFC,0x00,0x24,0x17,0xE0,0x18,0x48,0x10,0xF8,0x24,0x20,0xA0,0x00,
    0x40,0x1C,0x16,0x49,0x08,0x5C,0x42,0xEA,0x00,0x22,0xA0,0x00,0x80,0x1C,0x08,0x5C,
    0x42,0xEA,0x00,0x42,0xA0,0x00,0xC0,0x1C,0x08,0x5C,0x42,0xEA,0x00,0x60,0x10,0x49,
    0x41,0xF8,0x24,0x00,0x60,0x1C,0xC4,0xB2,0x01,0x2C,0xE5,0xDB,0x0D,0x48,0xFB,0xF7,
    0x0F,0xFD,0xC7,0xB2,0x38,0x46,0xFA,0xF0,0x33,0xFF,0x02,0x22,0x08,0x49,0x09,0x48,
    0xFB,0xF7,0x08,0xFE,0x06,0xE0,0x04,0x20,0xFF,0xF7,0x2E,0xFB,0x02,0xE0,0x04,0x20,
    0xFF,0xF7,0x60,0xFB,0xBD,0xE8,0xF0,0x81,0x00,0xB0,0x01,0x20,0x00,0xBA,0x01,0x20,
    0x08,0x41,0x10,0x00,0xF0,0xAF,0x03,0x00,0x10,0xB5,0x00,0x24,0x00,0xBF,0x05,0xE0,
    0x05,0x48,0x00,0x5D,0x05,0x49,0x08,0x55,0x60,0x1C,0xC4,0xB2,0x0C,0x2C,0xF7,0xDB,
    0xFF,0xF7,0x80,0xFF,0x10,0xBD,0x00,0x00,0x00,0x17,0x01,0x20,0x5E,0x5B,0x10,0x00,
    0x2D,0xE9,0xF0,0x41,0x00,0x24,0x01,0x25,0x01,0x26,0x4F,0xF4,0xFA,0x73,0x4E,0xF6,
    0x60,0x22,0x0C,0x21,0x21,0x48,0xFD,0xF7,0x7F,0xFC,0x06,0x46,0x00,0x2E,0x38,0xD0,
    0x01,0x20,0xFD,0xF7,0xCD,0xFC,0x0E,0x21,0x1C,0x48,0xFD,0xF7,0x5F,0xFC,0x05,0x46,
    0x5D,0xB3,0x01,0x20,0xFD,0xF7,0x8E,0xFC,0x00,0xBF,0x17,0xE0,0x17,0x48,0x10,0xF8,
    0x24,0x20,0xA0,0x00,0x40,0x1C,0x15,0x49,0x08,0x5C,0x42,0xEA,0x00,0x22,0xA0,0x00,
    0x80,0x1C,0x08,0x5C,0x42,0xEA,0x00,0x42,0xA0,0x00,0xC0,0x1C,0x08,0x5C,0x42,0xEA,
    0x00,0x60,0x0F,0x49,0x41,0xF8,0x24,0x00,0x60,0x1C,0xC4,0xB2,0x04,0x2C,0xE5,0xDB,
    0x0C,0x48,0xFB,0xF7,0xA5,0xFC,0xC7,0xB2,0x38,0x46,0xFA,0xF0,0xC9,0xFE,0x05,0x22,
    0x07,0x49,0x08,0x48,0xFB,0xF7,0x9E,0xFD,0x06,0xE0,0x01,0x20,0xFF,0xF7,0xC4,0xFA,
    0x02,0xE0,0x01,0x20,0xFF,0xF7,0xF6,0xFA,0xBD,0xE8,0xF0,0x81,0x00,0x24,0x01,0x20,
    0xF8,0x43,0x10,0x00,0xF0,0xDF,0x03,0x00,0x00,0x05,0x01,0x05,0x02,0x06,0x03,0x06,
    0x04,0x06,0x06,0x06,0x07,0x06,0x08,0x06,0x09,0x04,0x0A,0x05,0x0B,0x05,0x0F,0x06,
    0x10,0x05,0x11,0x05,0x12,0x05,0x18,0x05,0x19,0x05,0x1A,0x05,0x04,0x6C,0x00,0x08,
    0x00,0x00,0x04,0x7C,0x03,0x43,0x00,0x01,0x18,0x78,0x01,0x00,0x1A,0x60,0x40,0x02,
    0x40,0x0C,0x03,0x00,0x07,0x82,0x00,0x0C,0x0D,0x00,0x00,0x00,0x44,0x1D,0x0A,0x5D,
    0x3F,0x1E,0x1D,0x1D,0x06,0x08,0x07,0x08,0x22,0x0F,0x05,0x2F,0x20,0x0F,0x0F,0x0F,
    0x02,0x04,0x04,0x04,0x11,0x08,0x03,0x18,0x10,0x08,0x08,0x08,0x00,0x02,0x02,0x02,
    0x09,0x04,0x02,0x0C,0x08,0x04,0x04,0x04,0x00,0x01,0x01,0x01,0x5A,0x28,0x0D,0x7B,
    0x54,0x28,0x28,0x28,0x09,0x0B,0x09,0x0B,0x2D,0x14,0x07,0x3E,0x2A,0x14,0x14,0x14,
    0x04,0x06,0x05,0x06,0x17,0x0A,0x04,0x1F,0x15,0x0A,0x0A,0x0A,0x01,0x03,0x03,0x03,
    0x0C,0x05,0x02,0x10,0x0B,0x05,0x05,0x05,0x00,0x02,0x02,0x02,0x00,0x00,0x00,0x00,
    0x1B,0x00,0x00,0x80,0x2D,0x00,0x00,0x80,0x36,0x00,0x00,0x00,0x41,0x00,0x00,0x80,
    0x5A,0x00,0x00,0x00,0x6C,0x00,0x00,0x00,0x77,0x00,0x00,0x80,0x99,0x00,0x00,0x80,
    0x82,0x00,0x00,0x00,0xB4,0x00,0x00,0x00,0xAF,0x00,0x00,0x80,0xD8,0x00,0x00,0x00,
    0xC3,0x00,0x00,0x80,0xF5,0x00,0x00,0x80,0xEE,0x00,0x00,0x00,0x29,0x01,0x00,0x80,
    0x32,0x01,0x00,0x00,0x04,0x01,0x00,0x00,0x1F,0x01,0x00,0x80,0x68,0x01,0x00,0x00,
    0x73,0x01,0x00,0x80,0x45,0x01,0x00,0x80,0x5E,0x01,0x00,0x00,0xB0,0x01,0x00,0x00,
    0xAB,0x01,0x00,0x80,0x9D,0x01,0x00,0x80,0x86,0x01,0x00,0x00,0xF1,0x01,0x00,0x80,
    0xEA,0x01,0x00,0x00,0xDC,0x01,0x00,0x00,0xC7,0x01,0x00,0x80,0x49,0x02,0x00,0x80,
    0x52,0x02,0x00,0x00,0x64,0x02,0x00,0x00,0x7F,0x02,0x00,0x80,0x08,0x02,0x00,0x00,
    0x13,0x02,0x00,0x80,0x25,0x02,0x00,0x80,0x3E,0x02,0x00,0x00,0xD0,0x02,0x00,0x00,
    0xCB,0x02,0x00,0x80,0xFD,0x02,0x00,0x80,0xE6,0x02,0x00,0x00,0x91,0x02,0x00,0x80,
    0x8A,0x02,0x00,0x00,0xBC,0x02,0x00,0x00,0xA7,0x02,0x00,0x80,0x60,0x03,0x00,0x00,
    0x7B,0x03,0x00,0x80,0x4D,0x03,0x00,0x80,0x56,0x03,0x00,0x00,0x21,0x03,0x00,0x80,
    0x3A,0x03,0x00,0x00,0x0C,0x03,0x00,0x00,0x17,0x03,0x00,0x80,0xF9,0x03,0x00,0x80,
    0xE2,0x03,0x00,0x00,0xD4,0x03,0x00,0x00,0xCF,0x03,0x00,0x80,0xB8,0x03,0x00,0x00,
    0xA3,0x03,0x00,0x80,0x95,0x03,0x00,0x80,0x8E,0x03,0x00,0x00,0x89,0x04,0x00,0x80,
    0x92,0x04,0x00,0x00,0xA4,0x04,0x00,0x00,0xBF,0x04,0x00,0x80,0xC8,0x04,0x00,0x00,
    0xD3,0x04,0x00,0x80,0xE5,0x04,0x00,0x80,0xFE,0x04,0x00,0x00,0x10,0x04,0x00,0x00,
    0x0B,0x04,0x00,0x80,0x3D,0x04,0x00,0x80,0x26,0x04,0x00,0x00,0x51,0x04,0x00,0x80,
    0x4A,0x04,0x00,0x00,0x7C,0x04,0x00,0x00,0x67,0x04,0x00,0x80,0xA0,0x05,0x00,0x00,
    0xBB,0x05,0x00,0x80,0x8D,0x05,0x00,0x80,0x96,0x05,0x00,0x00,0xE1,0x05,0x00,0x80,
    0xFA,0x05,0x00,0x00,0xCC,0x05,0x00,0x00,0xD7,0x05,0x00,0x80,0x39,0x05,0x00,0x80,
    0x22,0x05,0x00,0x00,0x14,0x05,0x00,0x00,0x0F,0x05,0x00,0x80,0x78,0x05,0x00,0x00,
    0x63,0x05,0x00,0x80,0x55,0x05,0x00,0x80,0x4E,0x05,0x00,0x00,0xC0,0x06,0x00,0x00,
    0xDB,0x06,0x00,0x80,0xED,0x06,0x00,0x80,0xF6,0x06,0x00,0x00,0x81,0x06,0x00,0x80,
    0x9A,0x06,0x00,0x00,0xAC,0x06,0x00,0x00,0xB7,0x06,0x00,0x80,0x59,0x06,0x00,0x80,
    0x42,0x06,0x00,0x00,0x74,0x06,0x00,0x00,0x6F,0x06,0x00,0x80,0x18,0x06,0x00,0x00,
    0x03,0x06,0x00,0x80,0x35,0x06,0x00,0x80,0x2E,0x06,0x00,0x00,0xE9,0x07,0x00,0x80,
    0xF2,0x07,0x00,0x00,0xC4,0x07,0x00,0x00,0xDF,0x07,0x00,0x80,0xA8,0x07,0x00,0x00,
    0xB3,0x07,0x00,0x80,0x85,0x07,0x00,0x80,0x9E,0x07,0x00,0x00,0x70,0x07,0x00,0x00,
    0x6B,0x07,0x00,0x80,0x5D,0x07,0x00,0x80,0x46,0x07,0x00,0x00,0x31,0x07,0x00,0x80,
    0x2A,0x07,0x00,0x00,0x1C,0x07,0x00,0x00,0x07,0x07,0x00,0x80,0x09,0x09,0x00,0x80,
    0x12,0x09,0x00,0x00,0x24,0x09,0x00,0x00,0x3F,0x09,0x00,0x80,0x48,0x09,0x00,0x00,
    0x53,0x09,0x00,0x80,0x65,0x09,0x00,0x80,0x7E,0x09,0x00,0x00,0x90,0x09,0x00,0x00,
    0x8B,0x09,0x00,0x80,0xBD,0x09,0x00,0x80,0xA6,0x09,0x00,0x00,0xD1,0x09,0x00,0x80,
    0xCA,0x09,0x00,0x00,0xFC,0x09,0x00,0x00,0xE7,0x09,0x00,0x80,0x20,0x08,0x00,0x00,
    0x3B,0x08,0x00,0x80,0x0D,0x08,0x00,0x80,0x16,0x08,0x00,0x00,0x61,0x08,0x00,0x80,
    0x7A,0x08,0x00,0x00,0x4C,0x08,0x00,0x00,0x57,0x08,0x00,0x80,0xB9,0x08,0x00,0x80,
    0xA2,0x08,0x00,0x00,0x94,0x08,0x00,0x00,0x8F,0x08,0x00,0x80,0xF8,0x08,0x00,0x00,
    0xE3,0x08,0x00,0x80,0xD5,0x08,0x00,0x80,0xCE,0x08,0x00,0x00,0x40,0x0B,0x00,0x00,
    0x5B,0x0B,0x00,0x80,0x6D,0x0B,0x00,0x80,0x76,0x0B,0x00,0x00,0x01,0x0B,0x00,0x80,
    0x1A,0x0B,0x00,0x00,0x2C,0x0B,0x00,0x00,0x37,0x0B,0x00,0x80,0xD9,0x0B,0x00,0x80,
    0xC2,0x0B,0x00,0x00,0xF4,0x0B,0x00,0x00,0xEF,0x0B,0x00,0x80,0x98,0x0B,0x00,0x00,
    0x83,0x0B,0x00,0x80,0xB5,0x0B,0x00,0x80,0xAE,0x0B,0x00,0x00,0x69,0x0A,0x00,0x80,
    0x72,0x0A,0x00,0x00,0x44,0x0A,0x00,0x00,0x5F,0x0A,0x00,0x80,0x28,0x0A,0x00,0x00,
    0x33,0x0A,0x00,0x80,0x05,0x0A,0x00,0x80,0x1E,0x0A,0x00,0x00,0xF0,0x0A,0x00,0x00,
    0xEB,0x0A,0x00,0x80,0xDD,0x0A,0x00,0x80,0xC6,0x0A,0x00,0x00,0xB1,0x0A,0x00,0x80,
    0xAA,0x0A,0x00,0x00,0x9C,0x0A,0x00,0x00,0x87,0x0A,0x00,0x80,0x80,0x0D,0x00,0x00,
    0x9B,0x0D,0x00,0x80,0xAD,0x0D,0x00,0x80,0xB6,0x0D,0x00,0x00,0xC1,0x0D,0x00,0x80,
    0xDA,0x0D,0x00,0x00,0xEC,0x0D,0x00,0x00,0xF7,0x0D,0x00,0x80,0x19,0x0D,0x00,0x80,
    0x02,0x0D,0x00,0x00,0x34,0x0D,0x00,0x00,0x2F,0x0D,0x00,0x80,0x58,0x0D,0x00,0x00,
    0x43,0x0D,0x00,0x80,0x75,0x0D,0x00,0x80,0x6E,0x0D,0x00,0x00,0xA9,0x0C,0x00,0x80,
    0xB2,0x0C,0x00,0x00,0x84,0x0C,0x00,0x00,0x9F,0x0C,0x00,0x80,0xE8,0x0C,0x00,0x00,
    0xF3,0x0C,0x00,0x80,0xC5,0x0C,0x00,0x80,0xDE,0x0C,0x00,0x00,0x30,0x0C,0x00,0x00,
    0x2B,0x0C,0x00,0x80,0x1D,0x0C,0x00,0x80,0x06,0x0C,0x00,0x00,0x71,0x0C,0x00,0x80,
    0x6A,0x0C,0x00,0x00,0x5C,0x0C,0x00,0x00,0x47,0x0C,0x00,0x80,0xC9,0x0F,0x00,0x80,
    0xD2,0x0F,0x00,0x00,0xE4,0x0F,0x00,0x00,0xFF,0x0F,0x00,0x80,0x88,0x0F,0x00,0x00,
    0x93,0x0F,0x00,0x80,0xA5,0x0F,0x00,0x80,0xBE,0x0F,0x00,0x00,0x50,0x0F,0x00,0x00,
    0x4B,0x0F,0x00,0x80,0x7D,0x0F,0x00,0x80,0x66,0x0F,0x00,0x00,0x11,0x0F,0x00,0x80,
    0x0A,0x0F,0x00,0x00,0x3C,0x0F,0x00,0x00,0x27,0x0F,0x00,0x80,0xE0,0x0E,0x00,0x00,
    0xFB,0x0E,0x00,0x80,0xCD,0x0E,0x00,0x80,0xD6,0x0E,0x00,0x00,0xA1,0x0E,0x00,0x80,
    0xBA,0x0E,0x00,0x00,0x8C,0x0E,0x00,0x00,0x97,0x0E,0x00,0x80,0x79,0x0E,0x00,0x80,
    0x62,0x0E,0x00,0x00,0x54,0x0E,0x00,0x00,0x4F,0x0E,0x00,0x80,0x38,0x0E,0x00,0x00,
    0x23,0x0E,0x00,0x80,0x15,0x0E,0x00,0x80,0x0E,0x0E,0x00,0x00,0x1C,0x58,0x00,0x00,
    0x00,0x00,0x10,0x00,0x00,0x01,0x00,0x00,0x1C,0x21,0x00,0x00,0x1C,0x59,0x00,0x00,
    0x00,0x41,0x10,0x00,0xD8,0x02,0x00,0x00,0x2C,0x09,0x00,0x00,0x14,0x5A,0x00,0x00,
    0xD8,0x43,0x10,0x00,0xD8,0x18,0x00,0x00,0x2C,0x21,0x00,0x00,0x0C,0xB5,0xD0,0x20,
    0x29,0x49,0x08,0x70,0x40,0xF2,0xA7,0x70,0x4F,0xF0,0x00,0x51,0xC8,0x84,0x45,0x20,
    0xA1,0xF8,0x52,0x00,0x24,0x49,0x71,0x39,0x08,0x80,0x40,0x20,0x22,0x49,0xA3,0x39,
    0x08,0x70,0x44,0x20,0x08,0x70,0x4F,0xF4,0x96,0x70,0x00,0x90,0x00,0x20,0x01,0x90,
    0x05,0xE0,0x00,0x98,0x40,0x1E,0x00,0x90,0x01,0x98,0x40,0x1C,0x01,0x90,0x01,0x98,
    0xFA,0x28,0xF6,0xDB,0x16,0xE0,0x40,0x20,0x17,0x49,0xA3,0x39,0x08,0x70,0x44,0x20,
    0xC1,0x06,0x81,0xF8,0x20,0x00,0x4F,0xF4,0x96,0x70,0x00,0x90,0x00,0x20,0x01,0x90,
    0x05,0xE0,0x00,0x98,0x40,0x1E,0x00,0x90,0x01,0x98,0x40,0x1C,0x01,0x90,0x01,0x98,
    0xFA,0x28,0xF6,0xDB,0x0C,0x48,0xA3,0x38,0x00,0x78,0x00,0xF0,0x10,0x00,0x00,0x28,
    0xE1,0xD1,0x09,0x49,0x08,0x70,0x41,0xF2,0xA4,0x40,0xC1,0x06,0xC8,0x84,0x40,0xF2,
    0x57,0x20,0xA1,0xF8,0x52,0x00,0x04,0x49,0x71,0x39,0x08,0x80,0x4C,0x20,0x09,0x07,
    0x81,0xF8,0x20,0x00,0x0C,0xBD,0x00,0x00,0xC3,0x00,0x00,0x20,0x00,0x21,0x72,0xB6,
    0x01,0x22,0x0F,0x4B,0x1A,0x60,0x19,0xB1,0x40,0x22,0x0E,0x4B,0x1A,0x70,0x02,0xE0,
    0x00,0x22,0x0C,0x4B,0x1A,0x70,0x00,0xF0,0x3F,0x02,0x0A,0x4B,0x5B,0x1E,0x1A,0x70,
    0x01,0x22,0x09,0x4B,0x1A,0x60,0x00,0xBF,0x07,0x4A,0x12,0x68,0x00,0x2A,0xFB,0xD1,
    0x05,0x4B,0x1C,0x33,0x1A,0x60,0x02,0x4B,0x1A,0x60,0x62,0xB6,0x70,0x47,0x00,0x00,
    0x40,0x1B,0x00,0x22,0x6B,0x00,0x00,0x20,0x5C,0x0D,0x00,0x22,0x01,0x31,0x23,0x05,
    0x05,0xB0,0x0B,0x02,0x02,0x0A,0x02,0x06,0x01,0x01,0x01,0x04,0x07,0x12,0x0A,0x12,
    0x72,0x2A,0x02,0x07,0x35,0x9C,0x5A,0xFF,0x06,0x19,0x0C,0x39,0x04,0x61,0x3A,0x08,
    0x0E,0x5B,0x02,0x01,0x45,0x39,0x08,0x2B,0x52,0x31,0x28,0x21,0x4B,0x56,0x32,0x17,
    0x5A,0x45,0x08,0x5A,0x52,0x08,0x5A,0x42,0x20,0x5A,0x42,0x10,0x4B,0x46,0x31,0x08,
    0x4B,0x41,0x4E,0x18,0x5A,0x43,0x08,0x63,0x52,0x45,0x5A,0x53,0x10,0x5A,0x56,0x38,
    0x5A,0x54,0x10,0x5B,0x50,0x4E,0x60,0x1A,0x31,0xBC,0x29,0x48,0x69,0x50,0x5A,0x33,
    0x08,0x5A,0x34,0x08,0x5A,0x35,0x60,0x59,0x40,0x4C,0x44,0x4E,0x0C,0x58,0x59,0x78,
    0x5A,0x53,0x38,0x5A,0x53,0x38,0x5A,0x53,0x38,0x5A,0x4A,0x20,0x5A,0x4A,0x20,0x5A,
    0x43,0x10,0x5A,0x4F,0x78,0x1B,0x01,0x01,0x03,0x49,0x01,0x49,0x0C,0x49,0x0F,0x79,
    0x0C,0x09,0x1F,0x03,0x09,0x13,0x01,0x21,0x02,0x18,0x32,0x2B,0x06,0x06,0x38,0x11,
    0x12,0x01,0x29,0xC8,0x0B,0x12,0x80,0x3F,0x04,0x0D,0x12,0x8F,0xC2,0x75,0x3D,0x04,
    0x13,0xDC,0x05,0x08,0x12,0x16,0x0A,0x14,0x1E,0x28,0x32,0x7E,0x29,0x7A,0x28,0x81,
    0x27,0x7C,0x26,0x07,0x27,0x75,0x2A,0x44,0x09,0x16,0x04,0x4A,0x02,0xF4,0x11,0x14,
    0xD0,0x07,0x96,0x1A,0x64,0x86,0xC9,0x02,0x21,0x12,0x24,0x12,0x28,0x12,0x30,0x12,
    0x18,0x12,0x1C,0x22,0x34,0x43,0x11,0xB0,0x2A,0x10,0xAF,0x14,0x40,0x01,0x08,0x12,
    0x60,0x02,0x45,0x5C,
};
#endif
